rank,screen_score,name,author,collection,source,sha256
1,13555.0,Sunset,David Moore,Koenigstuhl Pspace TOP-50,https://asdflkj.net/COREWAR/PSPACE/TOP50/psptop50.tar.gz : HILL32/sunset.red,31e5482f3da39e039ebe1390cf02af3c107d9c7e6756249565d3dba98747654a
2,13367.75,Just experimenting 1.4,Blake Escritt,Koenigstuhl Pspace TOP-50,https://asdflkj.net/COREWAR/PSPACE/TOP50/psptop50.tar.gz : HILL32/juste14.red,242ebcb757641def74a6d5d6519781e6b1127d86248c0542646f6cf10a73d1fb
3,13066.75,2 Crazy,Christian Schmidt,Koenigstuhl Pspace TOP-50,https://asdflkj.net/COREWAR/PSPACE/TOP50/psptop50.tar.gz : HILL32/twocrazy.red,4ebc28005567d57878d138f4d43653f3385d25a6805f60678d068df5f8616771
4,12939.0,Electric Razor,David Moore,Koenigstuhl Pspace TOP-50,https://asdflkj.net/COREWAR/PSPACE/TOP50/psptop50.tar.gz : HILL32/electricrazor.red,c0b203a7d4c023a39f7fe0fc816a1edb4527e7a63cab2ff966bdd020cab20049
5,12910.25,Electric Head chhm,Anton Marsden,Koenigstuhl Pspace TOP-50,https://asdflkj.net/COREWAR/PSPACE/TOP50/psptop50.tar.gz : HILL32/elechead-chhm.red,d075e83ea70b0688d10979574308a6bff70d3d7e13faf4554a49e66bf090b2f7
6,12854.25,Electric Head,Anton Marsden,Koenigstuhl Pspace TOP-50,https://asdflkj.net/COREWAR/PSPACE/TOP50/psptop50.tar.gz : HILL32/elechead.red,09aea49d77910b2e899a01ef5a48e93056fdc3926d00f9dd8d2e87856d0c50cb
7,12751.0,Recycled Bits--,David Moore,Koenigstuhl Pspace TOP-50,https://asdflkj.net/COREWAR/PSPACE/TOP50/psptop50.tar.gz : HILL32/recycledbits.red,c7d64cfd098c3f1ced1d1af5bd0b3ea1b7f9fd6457b420b14a29f05edcbd9af2
8,12612.25,Fire and Ice,David Moore,Koenigstuhl Pspace TOP-50,https://asdflkj.net/COREWAR/PSPACE/TOP50/psptop50.tar.gz : HILL32/fireandice.red,da196b128e7cc1d8b1953de3649d2178d39cbea13cb85032059ed6160b8c3beb
9,12607.25,Self-Modifying Code v0.11,Ben Ford,Koenigstuhl Pspace TOP-50,https://asdflkj.net/COREWAR/PSPACE/TOP50/psptop50.tar.gz : HILL32/selfmod011.red,23ea56b3b81c48ccb3accf63c31c2bbc370846df61fe9ee62abb5618fe4ce0ca
10,12547.25,Liquid Paper,Sean McDonald,Koenigstuhl Pspace TOP-50,https://asdflkj.net/COREWAR/PSPACE/TOP50/psptop50.tar.gz : HILL32/liquidpaper.red,426197905fe61ad9fd4baa679e79a1e11972b7efdf9e203a93ba329308c8a8f2
11,12513.0,Bulldozed,Christian Schmidt,Koenigstuhl Pspace TOP-50,https://asdflkj.net/COREWAR/PSPACE/TOP50/psptop50.tar.gz : HILL32/bulldozed.red,0adfa63191976478a55b5532b5daad89d841de54888c685b5d0e13b17cd3bad7
12,12459.75,Eccentric,Roy van Rijn,Koenigstuhl 94nop TOP-50,https://asdflkj.net/COREWAR/94/TOP50/94top50.tar.gz : HILL32/eccentric.red,8e4c115c40b2269399cbf4c8b0e68162c7ec7a07e0d7b58ac5dad82ef159362d
13,12456.5,Microvenator,Michal Janeczek,Koenigstuhl Pspace TOP-50,https://asdflkj.net/COREWAR/PSPACE/TOP50/psptop50.tar.gz : HILL32/microvenator.red,9420ca6b3eda1607b3f77cf4848facc46aeb037f464b4ae80c4669e849f48bab
14,12447.75,Pattel's Virus,Ben Ford,Koenigstuhl Pspace TOP-50,https://asdflkj.net/COREWAR/PSPACE/TOP50/psptop50.tar.gz : HILL32/pattelsvirus.red,8197b998fedb9fed120f7619254c3ff7748210ff5808eba12d2ddbaff3e02a8f
15,12442.25,Self-Modifying Code v0.10,Ben Ford,Koenigstuhl Pspace TOP-50,https://asdflkj.net/COREWAR/PSPACE/TOP50/psptop50.tar.gz : HILL32/selfmod.red,9781238ef0c7ebb07a7e9ec0e652b5a0d766ec01ba0d7f047ac96f3163550901
16,12436.0,Fluff is not enough,Michal Janeczek,Koenigstuhl Pspace TOP-50,https://asdflkj.net/COREWAR/PSPACE/TOP50/psptop50.tar.gz : HILL32/fluffisnotenough.red,62e6e4db35c846c39a7a61faa6648f5a2d0dbc2a80d1e56f911020707123e24c
17,12432.0,Recycled Bits,David Moore,Koenigstuhl Pspace TOP-50,https://asdflkj.net/COREWAR/PSPACE/TOP50/psptop50.tar.gz : HILL32/recycledbits2.red,bd16af18b4c156ef7578d61bf5691c82e57ae341e253f428a810a973b8434dac
18,12333.0,Mantrap Arcade,Dave Hillis,Koenigstuhl Pspace TOP-50,https://asdflkj.net/COREWAR/PSPACE/TOP50/psptop50.tar.gz : HILL32/mantraparcade.red,1b00881043f79f8cdd21a3e0634ea43098f45fb9d9b385328df575ae2d1343ec
19,12330.5,vm5,Michal Janeczek,github.com/n1LS/redcode-warriors,https://raw.githubusercontent.com/n1LS/redcode-warriors/615f2f3d75acfcb5420821eb5c1acc659377a7e2/vm5.red,976517fe44d13c510864fce3390bc55b4a0a1bf59fb46aaa14c333c38063614f
20,12317.0,The Collective,Roy van Rijn,Koenigstuhl 94nop TOP-50,https://asdflkj.net/COREWAR/94/TOP50/94top50.tar.gz : HILL32/thecollective.red,fad5da1229acd25ecd5ffaba3881d7480d70ed4816bbcdde547ee91c868c382a
21,12279.25,Bigger Brother,Philip Kendall,Koenigstuhl Pspace TOP-50,https://asdflkj.net/COREWAR/PSPACE/TOP50/psptop50.tar.gz : HILL32/biggerbrother.red,4c7d4a2bfcc5d0bc86b2f81c8dbc6058f5ef2308bacdddb7a28e338eb035374d
22,12272.0,Cooperative Black Dimension 1.0,Blake Escritt/C. Schmidt,Koenigstuhl Pspace TOP-50,https://asdflkj.net/COREWAR/PSPACE/TOP50/psptop50.tar.gz : HILL32/cbd.red,2568663abd4d19de273a5720788ab3cfce6aead84f1c8ed0ee9ec8aaa3ca4aba
23,12255.0,Yggdrasil,Christian Schmidt,Koenigstuhl Pspace TOP-50,https://asdflkj.net/COREWAR/PSPACE/TOP50/psptop50.tar.gz : HILL32/yggdrasil.red,a5b7954a7c50433b94fa943ea14bbab2178d4d81dfd09647e48825be1c727e67
24,12242.0,Origami Harquebus,mjp,Koenigstuhl Pspace TOP-50,https://asdflkj.net/COREWAR/PSPACE/TOP50/psptop50.tar.gz : HILL32/origamihar.red,49b58f67577b087a2f2375d9f28a50fdf6cf3f196da7156887474c98cfe282d4
25,12235.5,Kaitain,Stefan Kammann & Forge-AI,Koenigstuhl 94nop TOP-50,https://asdflkj.net/COREWAR/94/TOP50/94top50.tar.gz : HILL32/kaitain.red,ced415eace3e30270684ca7cffc16d4429b1737fbbeb75ec37a7561b8e0a5635
26,12212.0,Spiritual Black Dimension,Christian Schmidt,Koenigstuhl 94nop TOP-50,https://asdflkj.net/COREWAR/94/TOP50/94top50.tar.gz : HILL32/spiritual.red,66865273ebd2568e14da0774e744979e9e51f8679be25ec5ff5b6550662f7b4c
27,12191.5,Hullabaloo,Roy van Rijn,Koenigstuhl 94nop TOP-50,https://asdflkj.net/COREWAR/94/TOP50/94top50.tar.gz : HILL32/hullabaloo.red,e3988e5e34132fae7691e9fe5ae36a55711b80a56b5341dd03e2e3e7c86f37c3
28,12172.25,Azathoth,John Metcalf,Koenigstuhl 94nop TOP-50,https://asdflkj.net/COREWAR/94/TOP50/94top50.tar.gz : HILL32/azathoth.red,6bf12111344f2e4e0c8b77bf4152b001eb1663abf7befcdc8e1ec764acbc7a57
29,12171.5,King Cobra,inversed,Koenigstuhl 94nop TOP-50,https://asdflkj.net/COREWAR/94/TOP50/94top50.tar.gz : HILL32/kingcobra.red,f8fef06659bce3c052532f1e5fdf126efe1e60454aee96c45ef074d78327da30
30,12160.25,pst_v4,Stefan Kammann & Forge-AI,Koenigstuhl 94nop TOP-50,https://asdflkj.net/COREWAR/94/TOP50/94top50.tar.gz : HILL32/pst_v4.red,827dd21442ea5dfc2a5b9dcdbddd4c73c9ae689c885d80a8bea2ca58d582ae1c
31,12157.5,Arvon,Stefan Kammann & Forge-AI,Koenigstuhl 94nop TOP-50,https://asdflkj.net/COREWAR/94/TOP50/94top50.tar.gz : HILL32/arvon.red,f8562b067d40451fdb518a156f951d0eeb7cb162f2af93e18073a4e84192db78
32,12112.25,Interlaced 0,Planar,Koenigstuhl Pspace TOP-50,https://asdflkj.net/COREWAR/PSPACE/TOP50/psptop50.tar.gz : HILL32/interlaced0.red,9dd6a8213bc69531a2f008fd21d0a289b6784ba5690b469a479284ce6b0d84c6
33,12087.25,Return of Vanquisher PsP,Lukasz Grabun,Koenigstuhl Pspace TOP-50,https://asdflkj.net/COREWAR/PSPACE/TOP50/psptop50.tar.gz : HILL32/rovpsp.red,e6b6260e4a98a4bb34f736790ed0f6005a0adbb986b12382cba930fbdb0a4341
34,12081.25,Hullab3loo,Roy van Rijn,Koenigstuhl 94nop TOP-50,https://asdflkj.net/COREWAR/94/TOP50/94top50.tar.gz : HILL32/hullabaloo3.red,ae863f6ddf845215f949c5f122211924d91ae9b9e0a125fe86386c2b306b0efe
35,12047.25,SnooPy,P.Kline,Koenigstuhl Pspace TOP-50,https://asdflkj.net/COREWAR/PSPACE/TOP50/psptop50.tar.gz : HILL32/snoopy.red,e796ecdf9599674ab0a8d0ce1637bc5e23bfa5eaae95b20fd496afc160a90a88
36,12019.75,Scan the Can,Christian Schmidt,github.com/n1LS/redcode-warriors,https://raw.githubusercontent.com/n1LS/redcode-warriors/615f2f3d75acfcb5420821eb5c1acc659377a7e2/scanthecan.red,13906f5a74833712ea770252ee9f02a7e9013852f08efd84983a1f355cc4c371
37,11951.25,'88 test IV,John Metcalf,github.com/n1LS/redcode-warriors,https://raw.githubusercontent.com/n1LS/redcode-warriors/615f2f3d75acfcb5420821eb5c1acc659377a7e2/88test4.red,bb4a3d2efe7f2445a4795e139f81a36f28bedeaa6ea5b5e9280067427577f9cc
38,11896.0,luca,Sascha Zapf,Koenigstuhl 94nop TOP-50,https://asdflkj.net/COREWAR/94/TOP50/94top50.tar.gz : HILL32/luca.red,968839f98f763758886168cfd9eb1d1369736772d954964d973e9aefe37f17f2
39,11874.0,Cold as November Rain...,John Metcalf,github.com/n1LS/redcode-warriors,https://raw.githubusercontent.com/n1LS/redcode-warriors/615f2f3d75acfcb5420821eb5c1acc659377a7e2/novemberrain.red,f98e1b2b165a3b255c4b59b57561c5e0060bb877511b9b2aa890060e005f5e23
40,11864.0,Borgir,Christian Schmidt,Koenigstuhl 94nop TOP-50,https://asdflkj.net/COREWAR/94/TOP50/94top50.tar.gz : HILL32/borgir.red,290ce3f53d98b08aafc7cd3af0535a672ca5cf7cb60802a55fb03caf389ad500
41,11801.75,Forgotten Lore,David Moore,Koenigstuhl Pspace TOP-50,https://asdflkj.net/COREWAR/PSPACE/TOP50/psptop50.tar.gz : HILL32/forlore.red,1d5e54a0d717cf3bce81ac98a298178fa7ee9a0baa0982360d29eef0efb73b51
42,11798.75,Eternal Exile,inversed,Koenigstuhl 94nop TOP-50,https://asdflkj.net/COREWAR/94/TOP50/94top50.tar.gz : HILL32/Eternal_Exile.red,a54d571640749d5bbbfe32b0d0521c6306265847cc24bd81987bb40fa55a0af4
43,11798.0,LeatherNeck,Robert Hale,Koenigstuhl Pspace TOP-50,https://asdflkj.net/COREWAR/PSPACE/TOP50/psptop50.tar.gz : HILL32/leatherneck.red,98713d4565dfcc5a9a3237a0008224fa3722472235e29264df20f7dac1f633a7
44,11768.0,Stolen RedCode,Leonardo H. Liporati,Koenigstuhl Pspace TOP-50,https://asdflkj.net/COREWAR/PSPACE/TOP50/psptop50.tar.gz : HILL32/stolenred.red,a1b3156ed5a9d5a468e62b28503749cad4c4e9d716199d3a1ce4f2e7aa51074c
45,11736.5,King of Metal,Christian Schmidt,Koenigstuhl 94nop TOP-50,https://asdflkj.net/COREWAR/94/TOP50/94top50.tar.gz : HILL32/metal.red,52bdbbd8de02ad93261c060e133621b4992cbe6f9293f0e13fc33dc2459993d2
46,11694.25,Falcon v0.5,Ian Oversby,Koenigstuhl Pspace TOP-50,https://asdflkj.net/COREWAR/PSPACE/TOP50/psptop50.tar.gz : HILL32/falcon05.red,2d8287529dd76bd84f017378bcaba52f80cef51d895fc58deb37f7b5fd067e13
47,11692.75,Chameleon,M R Bremer,Koenigstuhl Pspace TOP-50,https://asdflkj.net/COREWAR/PSPACE/TOP50/psptop50.tar.gz : HILL32/chameleon.red,c92931867bc2b691b4a41fccd648d8ce0524936afda965349e3986b566b14447
48,11672.0,Three Musketeers,Robert Macrae,Koenigstuhl Pspace TOP-50,https://asdflkj.net/COREWAR/PSPACE/TOP50/psptop50.tar.gz : HILL32/threemusketeers.red,c8b7e4e13a65d0e79dd7c8646495645ce31e003af0b2fc9e2f9e5f5395fd8c58
49,11625.5,Versatility 1.7,Ross Morgan-Linial,Koenigstuhl Pspace TOP-50,https://asdflkj.net/COREWAR/PSPACE/TOP50/psptop50.tar.gz : HILL32/versatil17.red,47538aef6af9fa9037c513c0a579b3c8ce14bcf3a8a9c8d23fce8d81a6ca3c2d
50,11606.5,Foggy swamp,Beppe Bezzi,github.com/n1LS/redcode-warriors,https://raw.githubusercontent.com/n1LS/redcode-warriors/615f2f3d75acfcb5420821eb5c1acc659377a7e2/foggyswamp.red,3147cab7996db86444022a98b0d97653abb6c3a88cec9e484a2b5c0d4ab96c54
51,11606.5,Foggy swamp,Beppe Bezzi,github.com/n1LS/redcode-warriors,https://raw.githubusercontent.com/n1LS/redcode-warriors/615f2f3d75acfcb5420821eb5c1acc659377a7e2/foggy_swamp.red,573f4a55f883bbecdd9666a9af40dae6e70f7144dd7d9ab4e7ae2d9e2f75ee48
52,11582.5,Combatra,David Moore,Koenigstuhl Pspace TOP-50,https://asdflkj.net/COREWAR/PSPACE/TOP50/psptop50.tar.gz : HILL32/combatra.red,1a28ea39054ebe7b67eb40dc7a8dd335d2d565bad2c8bd44579bed92fce17e31
53,11569.25,Agony 5.1,Stefan Strack,github.com/n1LS/redcode-warriors,https://raw.githubusercontent.com/n1LS/redcode-warriors/615f2f3d75acfcb5420821eb5c1acc659377a7e2/agony.red,ec2810ddafa4526d92c0c7452b7580a2bfbd7aae22f926fd56393917c470277e
54,11506.0,Z++,Anton Marsden,Koenigstuhl 94nop TOP-50,https://asdflkj.net/COREWAR/94/TOP50/94top50.tar.gz : HILL32/zplusplus.red,9fb0190615ec437b39c3062e8ce641cf39dceea8e2953ec2e49b00ab3993ec8a
55,11502.75,Agony 5.1,Stefan Strack,github.com/n1LS/redcode-warriors,https://raw.githubusercontent.com/n1LS/redcode-warriors/615f2f3d75acfcb5420821eb5c1acc659377a7e2/agony51.red,fa0efc9f1518d7bb177b1e16da9e3f0bc775f4391cb8ffe38755001636f3e9da
56,11486.0,clrsrc,Stefan Kammann & Forge-AI,Koenigstuhl 94nop TOP-50,https://asdflkj.net/COREWAR/94/TOP50/94top50.tar.gz : HILL32/clrsrc.red,38fb2602111aa828a12aee5cbe6366708ca40fe420be3ca3260daebc5270d9d8
57,11481.25,Versatility 1.5,Ross Morgan-Linial,Koenigstuhl Pspace TOP-50,https://asdflkj.net/COREWAR/PSPACE/TOP50/psptop50.tar.gz : HILL32/versatil15.red,e849c6c5622231ce135fb0034108ef28e43157e97f5fd79fb11178e81d455a55
58,11471.25,Iron Gate,Wayne Sheppard,github.com/n1LS/redcode-warriors,https://raw.githubusercontent.com/n1LS/redcode-warriors/615f2f3d75acfcb5420821eb5c1acc659377a7e2/irongate.red,dea10f4d2b3b5c63d720e0669c5bd0a95953ab956a9bf6a4980567d227abc16b
59,11449.0,Am I alive?,Christian Schmidt,Koenigstuhl Pspace TOP-50,https://asdflkj.net/COREWAR/PSPACE/TOP50/psptop50.tar.gz : HILL32/amialive.red,f9b2ce672e2f79e111877a1a317c60f568e0a3ceb2f214097a79b5f33ff1f056
60,11445.25,Excalibur,inversed,Koenigstuhl 94nop TOP-50,https://asdflkj.net/COREWAR/94/TOP50/94top50.tar.gz : HILL32/excalibur.red,24e836041c129405cf8c3ed100a8a00b026304228ccf8b7450f102468503c49d
61,11437.0,Woozily Higgle,Christian Schmidt,Koenigstuhl Pspace TOP-50,https://asdflkj.net/COREWAR/PSPACE/TOP50/psptop50.tar.gz : HILL32/woozilyhiggle.red,b34b3b79a7f10a22c496ebaedc037145c6fba2cfb29bf136d71e45f60d2ef24a
62,11371.5,Discord (decoy),John Metcalf,Koenigstuhl 94nop TOP-50,https://asdflkj.net/COREWAR/94/TOP50/94top50.tar.gz : HILL32/discorddecoy.red,4d5ad3c40e2129f6c98c364bc9a06eb9db52db4f3ec90230fc353389070cd578
63,11358.25,Agony 3.1,Stefan Strack,github.com/n1LS/redcode-warriors,https://raw.githubusercontent.com/n1LS/redcode-warriors/615f2f3d75acfcb5420821eb5c1acc659377a7e2/agony31.red,b464d80d15241e15e6d1a1b8563d5bdf54c85baf59cf1531f041d0166976428d
64,11314.0,Escaped Experiment,BigJk,Koenigstuhl 94nop TOP-50,https://asdflkj.net/COREWAR/94/TOP50/94top50.tar.gz : HILL32/excapedExperiment.red,fd8c079f424216c3c9407dd9f83560fa0e020c6f8fc955e5552046feaaaaee19
65,11304.25,Ghost Murmur,John Metcalf,Koenigstuhl 94nop TOP-50,https://asdflkj.net/COREWAR/94/TOP50/94top50.tar.gz : HILL32/ghostmurmur.red,5af01ba251e3313d7a86daf0150352631bf12f6d111262109a59136630e47a3d
66,11295.5,Twin Storms,inversed,Koenigstuhl 94nop TOP-50,https://asdflkj.net/COREWAR/94/TOP50/94top50.tar.gz : HILL32/twinstorms.red,f7e5f1f0b5b335f7d636d13adcdb5c3776cc5281d1771a38e008ceb1d2a10518
67,11291.25,Charon v7.0,J.Cisek & S.Strack,github.com/n1LS/redcode-warriors,https://raw.githubusercontent.com/n1LS/redcode-warriors/615f2f3d75acfcb5420821eb5c1acc659377a7e2/charon7.red,a5c7bb93fb6e72a42f2e7bd61cfe4103bce13a87d6ad42118f697e6297018c23
68,11281.5,Crimp 2,Andy Pierce,github.com/n1LS/redcode-warriors,https://raw.githubusercontent.com/n1LS/redcode-warriors/615f2f3d75acfcb5420821eb5c1acc659377a7e2/crimp2.red,c77554cc6a8479ccfa8466a482c8d5790ce2619fec3621b887a7199d94f15562
69,11271.0,Tolypeutes,Roy van Rijn,Koenigstuhl 94nop TOP-50,https://asdflkj.net/COREWAR/94/TOP50/94top50.tar.gz : HILL32/tolypeutes.red,6c4cef6feed000c2ca2434406bf629b4f9797e6253963883fb397238b0de551c
70,11240.0,Neith,inversed,Koenigstuhl 94nop TOP-50,https://asdflkj.net/COREWAR/94/TOP50/94top50.tar.gz : HILL32/neith.red,6ecb331ee072fd61805d33e0d17be468d170258df4f36384eb84788a8132d557
71,11219.5,Speeed 88mph,Christian Schmidt,github.com/n1LS/redcode-warriors,https://raw.githubusercontent.com/n1LS/redcode-warriors/615f2f3d75acfcb5420821eb5c1acc659377a7e2/speeed88.red,7af754f585c4778fde6bf0aac361ddf5a4f810a6a9bb72e683de896c0a954648
72,11212.0,traumatic smurf,bjoern guenzel,Koenigstuhl Pspace TOP-50,https://asdflkj.net/COREWAR/PSPACE/TOP50/psptop50.tar.gz : HILL32/traumaticsmurf.red,d9d001a27a00507a42bb8bc89d500548538c7263b64c5b7412be06ad7ba830a4
73,11191.25,Elven King II,Christian Schmidt,Koenigstuhl 94nop TOP-50,https://asdflkj.net/COREWAR/94/TOP50/94top50.tar.gz : HILL32/elvenking2.red,cf879e12c5f574936ede94afbc8e71674bc6457d0018eb3920b3dcd498ebed8c
74,11187.0,Brazen hussy,Steve Gunnell,github.com/n1LS/redcode-warriors,https://raw.githubusercontent.com/n1LS/redcode-warriors/615f2f3d75acfcb5420821eb5c1acc659377a7e2/brazen.red,c06f9464a5f86ad23bd36ed11db92610414c4c19a888a8236bbcb048f7234798
75,11185.75,RandomRevenge,Roy van Rijn,Koenigstuhl Pspace TOP-50,https://asdflkj.net/COREWAR/PSPACE/TOP50/psptop50.tar.gz : HILL32/randomrevenge.red,ce57dc0292f60d0c0dd8f414988d7b738a07680ab6d040d5c13c7e8a7ebb8d5a
76,11154.75,Leprechaun 1b,Anders Ivner,github.com/n1LS/redcode-warriors,https://raw.githubusercontent.com/n1LS/redcode-warriors/615f2f3d75acfcb5420821eb5c1acc659377a7e2/leprechaun.red,28ee3975df8d09ec213bf647ce5c95ac5bb15002766165b6e89dae62c1b5f35b
77,11124.25,Sixth Sense,Wayne Sheppard,github.com/n1LS/redcode-warriors,https://raw.githubusercontent.com/n1LS/redcode-warriors/615f2f3d75acfcb5420821eb5c1acc659377a7e2/sixthsense.red,de388b0169e14b42c349466b625a4c3e5597980cb07aebcfc4e5f544eaa8d4b0
78,11110.0,Stillborn Bomber v0.2,mjp,github.com/n1LS/redcode-warriors,https://raw.githubusercontent.com/n1LS/redcode-warriors/615f2f3d75acfcb5420821eb5c1acc659377a7e2/stillborn02.red,cb28faf15967e7192590c8f86818759276e417a71d3cf17a73b222b98a5b44ae
79,11105.75,Winter Werewolf 3,W. Mintardjo,github.com/n1LS/redcode-warriors,https://raw.githubusercontent.com/n1LS/redcode-warriors/615f2f3d75acfcb5420821eb5c1acc659377a7e2/winter3.red,8e8e7f7a96f1d94f60c0c823cb9597df8fca60abcf5c43144117703d68a7ce76
80,11096.75,Rave,Stefan Strack,pMARS 0.9.2 distribution (GPL-2.0),https://raw.githubusercontent.com/mbarbon/pMARS/e7e8d08c2be43a2fe84c49516b8f50553d3126bc/warriors/rave.red,b4c8acf763957da9de0ec8568d765214ef9e8271aac9b51bb1ab09753e3afb66
81,11096.5,Clairvoyance,inversed,Koenigstuhl 94nop TOP-50,https://asdflkj.net/COREWAR/94/TOP50/94top50.tar.gz : HILL32/clairvoyance.red,022a466db1998b3067c2ea3380a8dad8b7f4d30fd8e52ae11bc05f9031533337
82,11082.5,Carmilla,inversed,Koenigstuhl 94nop TOP-50,https://asdflkj.net/COREWAR/94/TOP50/94top50.tar.gz : HILL32/Carmilla_3.red,7eb7d746310935a0526187d04af66788078e5331ebbb4f42f78d84f3e0f98794
83,11065.0,Son of Vain,Oversby/Pihlaja,Koenigstuhl 94nop TOP-50,https://asdflkj.net/COREWAR/94/TOP50/94top50.tar.gz : HILL32/sonofvain.red,aecafc7bacc16f543db230f85a733fcd54eea7441632579cd458531e33a8c881
84,11049.0,Twister,Beppe Bezzi,Koenigstuhl Pspace TOP-50,https://asdflkj.net/COREWAR/PSPACE/TOP50/psptop50.tar.gz : HILL32/twister.red,0173a787a88ccb1387f31d471ec1c5358dd6a181860aa6e4c3d76e12502a6d7f
85,11033.5,Elven King,Christian Schmidt,Koenigstuhl 94nop TOP-50,https://asdflkj.net/COREWAR/94/TOP50/94top50.tar.gz : HILL32/elvenking.red,e5cc48395a0d827d561359671b81e210e2c70a335cfb505a8f608c50ce17453a
86,11017.25,Armadillo,Lukasz Grabun,Koenigstuhl 94nop TOP-50,https://asdflkj.net/COREWAR/94/TOP50/94top50.tar.gz : HILL32/armadillo.red,be75aebe982ec59d667ce6befff3dc6c384eb1777953465d12cf40af17dce141
87,10992.0,Red Dragon,John Metcalf,Koenigstuhl 94nop TOP-50,https://asdflkj.net/COREWAR/94/TOP50/94top50.tar.gz : HILL32/reddragon.red,01577a48fe7e45306896afc3aded46700b5920abecc00b253070e790f20a79a2
88,10989.75,Tangle Trap,David Moore,github.com/n1LS/redcode-warriors,https://raw.githubusercontent.com/n1LS/redcode-warriors/615f2f3d75acfcb5420821eb5c1acc659377a7e2/tangletrap.red,37982ae188cc7ad05351f9643db7b2d826ebe42d9d682b4a37094a2da5a19423
89,10980.25,Miss Careless,Derek Ross,github.com/n1LS/redcode-warriors,https://raw.githubusercontent.com/n1LS/redcode-warriors/615f2f3d75acfcb5420821eb5c1acc659377a7e2/careless.red,f93663111bb3725a240c611b4e8ae2c1e1d0cc740d8b9007fb9c7cea95886965
90,10958.25,lzma2,NDusN,Koenigstuhl 94nop TOP-50,https://asdflkj.net/COREWAR/94/TOP50/94top50.tar.gz : HILL32/lzma2.red,249fd4c69bbc0903aa55f85b216b88e680167cb79cc31a6b34bb46c440a3da8e
91,10918.0,The Next Step '88,David Houston,github.com/n1LS/redcode-warriors,https://raw.githubusercontent.com/n1LS/redcode-warriors/615f2f3d75acfcb5420821eb5c1acc659377a7e2/nextstep88.red,0396ba0efb70c5d28f20f0ea5637f2d56350c4db7acc0f35dd36a4f4bb0cd461
92,10910.5,Iron Trap,Wayne Sheppard,github.com/n1LS/redcode-warriors,https://raw.githubusercontent.com/n1LS/redcode-warriors/615f2f3d75acfcb5420821eb5c1acc659377a7e2/irontrap.red,7d97555d877fb53c8aa463a60dd4d776163689044f7141f39a9f927d1f7a1a30
93,10900.0,Olivia,Ben Ford,Koenigstuhl 94nop TOP-50,https://asdflkj.net/COREWAR/94/TOP50/94top50.tar.gz : HILL32/olivia.red,74de9f14109ef9f0f7276ea25d2baa75f74e89786bd52c4d9ff878c8e98022b8
94,10899.5,Devilstick,Roy van Rijn,Koenigstuhl 94nop TOP-50,https://asdflkj.net/COREWAR/94/TOP50/94top50.tar.gz : HILL32/devilstick.red,e630339b5126cc84cc8fcc29974bf96268a535013f9cf07fd50bf7cb94a5417b
95,10891.5,Beholder's Eye v1.7,W. Mintardjo,github.com/n1LS/redcode-warriors,https://raw.githubusercontent.com/n1LS/redcode-warriors/615f2f3d75acfcb5420821eb5c1acc659377a7e2/beholder17.red,60d5024dd1c903eb48721461dc9a4d10c0d64ea1f200652b25f8fe851eb20980
96,10876.75,Positive Knife,Ken Espiritu,Koenigstuhl 94nop TOP-50,https://asdflkj.net/COREWAR/94/TOP50/94top50.tar.gz : HILL32/positiveknife.red,39ae1375500abf3b9f0d704d597f0a743b1c227c22629713102cf632071c45ed
97,10866.0,Shadow Weaver,S.Fernandes,Koenigstuhl 94nop TOP-50,https://asdflkj.net/COREWAR/94/TOP50/94top50.tar.gz : HILL32/shadowweaver.red,38fe8ba567e6a094fe02e3bf17dd86200ccc13865783158174f7498b27161f59
98,10864.25,Gisela 609,Andrzej Maciejczak,github.com/n1LS/redcode-warriors,https://raw.githubusercontent.com/n1LS/redcode-warriors/615f2f3d75acfcb5420821eb5c1acc659377a7e2/gisela609.red,3d6a73d39177bc48a1f624c557aaca070df4fa65bf3c7b5ef35cde787843e7d6
99,10863.5,Simple '88 v0.2,Ian Oversby,github.com/n1LS/redcode-warriors,https://raw.githubusercontent.com/n1LS/redcode-warriors/615f2f3d75acfcb5420821eb5c1acc659377a7e2/simple88v2.red,b8796a05024896bdc7efd64d0115a3cb5abc3700faf7495db301ef00f7f741af
100,10854.25,Ziggy,Roy van Rijn,Koenigstuhl 94nop TOP-50,https://asdflkj.net/COREWAR/94/TOP50/94top50.tar.gz : HILL32/ziggy.red,58e4161ae2941b73d4c8890e1957d4ca685e8315703b3b11f7f8df1249c234c7
101,10853.75,.T.E.S.T. V0.1,P.E.M & E.C,github.com/n1LS/redcode-warriors,https://raw.githubusercontent.com/n1LS/redcode-warriors/615f2f3d75acfcb5420821eb5c1acc659377a7e2/test01.red,f08b5413d021b7feb9e64f63e885962936c6e81028a3dcacdd907c653c77d431
102,10848.5,Double Clown v1.1,P.E.M,github.com/n1LS/redcode-warriors,https://raw.githubusercontent.com/n1LS/redcode-warriors/615f2f3d75acfcb5420821eb5c1acc659377a7e2/doubleclown.red,8afcfc3e0d4b8bed7f1f3bc431af62b45c0f8fece6397bcee230713d5e9e13df
103,10842.75,Last Judgement,Christian Schmidt,Koenigstuhl 94nop TOP-50,https://asdflkj.net/COREWAR/94/TOP50/94top50.tar.gz : HILL32/lastjudgement.red,524669061b9406cb42dd3e7957bfcce4d44b0d7519903d7a3d2546b720f70507
104,10815.0,Borg,John Metcalf,Koenigstuhl 94nop TOP-50,https://asdflkj.net/COREWAR/94/TOP50/94top50.tar.gz : HILL32/borg.red,b6b72ff9a75c959a5e493bd951a157c33e3aa6f7530de10fe17a75003c84a9c6
105,10799.75,Irony v1.0,Brant D. Thomsen,github.com/n1LS/redcode-warriors,https://raw.githubusercontent.com/n1LS/redcode-warriors/615f2f3d75acfcb5420821eb5c1acc659377a7e2/irony.red,cc3193279aebffaf69f06ad6f9037a74db46463aa40ae67e43188b7ad3845e86
106,10795.0,Freight Train v0.2,David Moore,github.com/n1LS/redcode-warriors,https://raw.githubusercontent.com/n1LS/redcode-warriors/615f2f3d75acfcb5420821eb5c1acc659377a7e2/freighttrainv02.red,4c22745e4cb978b7884c9465a1ffe63371f83b2a7c71400e010a42d27e89a2be
107,10795.0,Perseus,Anton Marsden,Koenigstuhl 94nop TOP-50,https://asdflkj.net/COREWAR/94/TOP50/94top50.tar.gz : HILL32/perseus.red,cd88de58f2937a729a86a3111ed84e8e3f67aa5043ee3e08551a72393ab88349
108,10792.25,Olivia Psp,Ben Ford,Koenigstuhl Pspace TOP-50,https://asdflkj.net/COREWAR/PSPACE/TOP50/psptop50.tar.gz : HILL32/oliviapsp.red,f44b9d465a990c3f4b54e10924b967eb522f2302ba2bbb43fa0c0f22cd1419cb
109,10788.0,Beholder's Eye v1.1,W. Mintardjo,github.com/n1LS/redcode-warriors,https://raw.githubusercontent.com/n1LS/redcode-warriors/615f2f3d75acfcb5420821eb5c1acc659377a7e2/beholder.red,495d25d5a878d0f0b5dabdd8b90fb7790c132149516bcb6c68e9c983a753bfa5
110,10787.0,Blurstone '88,M. J. Pihlaja,github.com/n1LS/redcode-warriors,https://raw.githubusercontent.com/n1LS/redcode-warriors/615f2f3d75acfcb5420821eb5c1acc659377a7e2/blurstone88.red,1e9759d955bd5fa36d0fca0be117837e6a64379e3070325d5abceedf1a4a0221
111,10781.5,Kusanagi,inversed,Koenigstuhl 94nop TOP-50,https://asdflkj.net/COREWAR/94/TOP50/94top50.tar.gz : HILL32/kusanagi3.red,8f2ded6661c5ae9a25ebb7965cb51c4792d919e2b104736039497bd41f9662a2
112,10774.75,ClaMP,Andy Pierce,github.com/n1LS/redcode-warriors,https://raw.githubusercontent.com/n1LS/redcode-warriors/615f2f3d75acfcb5420821eb5c1acc659377a7e2/clamp.red,23717c834f6d46c75dd51d227bfb246217cbf1f49fdab7d3ab4b732fca94a031
113,10743.5,Medusa's v7X,W. Mintardjo,github.com/n1LS/redcode-warriors,https://raw.githubusercontent.com/n1LS/redcode-warriors/615f2f3d75acfcb5420821eb5c1acc659377a7e2/medusa7x.red,d2ec369231d419e31882c9a4e08dc31c55ab2ac6183c75e044fc91e6100cea71
114,10733.5,B-Scanner live in vain,Matt Hastings,github.com/n1LS/redcode-warriors,https://raw.githubusercontent.com/n1LS/redcode-warriors/615f2f3d75acfcb5420821eb5c1acc659377a7e2/bscanlive.red,4d3bea73ea8f44f560e36a9b05048f7f99b0706189ac23a9c19ba597819c3700
115,10718.25,Quicksilver '88,Michal Janeczek,github.com/n1LS/redcode-warriors,https://raw.githubusercontent.com/n1LS/redcode-warriors/615f2f3d75acfcb5420821eb5c1acc659377a7e2/quicksilver88.red,1b8ec0901a4f60c3064b173ef61c72ea59244b4b254cf23c0886d86cdf5050b8
116,10711.25,Medusa's v2,W. Mintardjo,github.com/n1LS/redcode-warriors,https://raw.githubusercontent.com/n1LS/redcode-warriors/615f2f3d75acfcb5420821eb5c1acc659377a7e2/medusa2.red,bc09b5138038d35735983075584a62355eb0c6b2e44053a10811adab629b23f9
117,10707.5,SJ-4a,J.Layland,github.com/n1LS/redcode-warriors,https://raw.githubusercontent.com/n1LS/redcode-warriors/615f2f3d75acfcb5420821eb5c1acc659377a7e2/sj4a.red,c506470fe5798763d8c831cb312651e0925b2c07fb1c9b625265c6c35d106548
118,10704.75,Infravision,inversed,Koenigstuhl 94nop TOP-50,https://asdflkj.net/COREWAR/94/TOP50/94top50.tar.gz : HILL32/infravision.red,088c6096c39e66ae316e677a6c850793941e26d6a8a073865754c6373aaf12f1
119,10693.25,Quicksilver,Michal Janeczek,Koenigstuhl 94nop TOP-50,https://asdflkj.net/COREWAR/94/TOP50/94top50.tar.gz : HILL32/quicksilver.red,cdf589bd46a1d68399f11d47c1099bef25b3947623e3a1a2dd04d06289c488ff
120,10672.5,Charon v3.0 (Echo),J.Cisek & S.Strack,github.com/n1LS/redcode-warriors,https://raw.githubusercontent.com/n1LS/redcode-warriors/615f2f3d75acfcb5420821eb5c1acc659377a7e2/charon3.red,1a15128fe0a8c85fdab6811f767fe8e352f574b9514035e9c21bc39bf63ba81a
121,10671.25,No Mucking About,Campbell Fraser,github.com/n1LS/redcode-warriors,https://raw.githubusercontent.com/n1LS/redcode-warriors/615f2f3d75acfcb5420821eb5c1acc659377a7e2/nomucking.red,ac8969417ae214698b6782ae620cc96d01cc5eb783182cd1d53ed313c0c51c56
122,10670.5,Pendulum,John Metcalf,Koenigstuhl 94nop TOP-50,https://asdflkj.net/COREWAR/94/TOP50/94top50.tar.gz : HILL32/pendulum.red,623bdaec18f64d017e01f5373478a962e3a288b09c0c236b1451df4eb1765e1b
123,10650.25,Vanity II,Stefan Strack,github.com/n1LS/redcode-warriors,https://raw.githubusercontent.com/n1LS/redcode-warriors/615f2f3d75acfcb5420821eb5c1acc659377a7e2/vanityII.red,7f0d9f328d37f27577f34877f912873c9f9424f4cf27ef7e5cf6a0dd183ee865
124,10644.25,Chimera v3.5,W. Mintardjo,github.com/n1LS/redcode-warriors,https://raw.githubusercontent.com/n1LS/redcode-warriors/615f2f3d75acfcb5420821eb5c1acc659377a7e2/chimera.red,53610c200a56eea14f5b09437c66b3412c6f1c5cc4a28d0d3ec63a1a6e280ff1
125,10631.75,Agony 2.4b,Stefan Strack,github.com/n1LS/redcode-warriors,https://raw.githubusercontent.com/n1LS/redcode-warriors/615f2f3d75acfcb5420821eb5c1acc659377a7e2/agony24b.red,c30dfe38714a52c890748cc112f60e18ee4ba36d8b0c82a42c6c8eafc3ae4222
126,10586.5,Gods Of Destiny,Nenad Tomasev,Koenigstuhl 94nop TOP-50,https://asdflkj.net/COREWAR/94/TOP50/94top50.tar.gz : HILL32/godsofdestiny.red,bbac41fdd0cc8beacaf9fdbaf50ab60774f3fda96b265d429c19a4255c7c7f53
127,10565.75,Burning Metal,inversed,Koenigstuhl 94nop TOP-50,https://asdflkj.net/COREWAR/94/TOP50/94top50.tar.gz : HILL32/burningmetal.red,e5e0eab22b82950feab260b063ecbcbe932fbc2a5fc56cdd16483082bbf86be8
128,10538.0,Nightstalker,John Metcalf,Koenigstuhl 94nop TOP-50,https://asdflkj.net/COREWAR/94/TOP50/94top50.tar.gz : HILL32/nightstalker.red,5e76ac51162eb1c90f2f408a2cb3fc4aa72bf30c80cea9e7415bb8d7fc78771f
129,10523.0,Stasis,David Moore,github.com/n1LS/redcode-warriors,https://raw.githubusercontent.com/n1LS/redcode-warriors/615f2f3d75acfcb5420821eb5c1acc659377a7e2/stasis.red,aa697f349c254f4bd2357d04586771524bb1d243180cee24d08364de0385aca6
130,10508.75,Tuesday Afternoon,John K W,Koenigstuhl Pspace TOP-50,https://asdflkj.net/COREWAR/PSPACE/TOP50/psptop50.tar.gz : HILL32/tuesday.red,fb665eb875423aeff7958c6b7a8136c3eb741f000e31e92787ef70142d48db8c
131,10505.25,Agony 2.1,Stefan Strack,github.com/n1LS/redcode-warriors,https://raw.githubusercontent.com/n1LS/redcode-warriors/615f2f3d75acfcb5420821eb5c1acc659377a7e2/agony21.red,c265f319f81458b2f09237a591092a67ae942b9786204f18c1e56317ade8876d
132,10497.25,Trivial v0.2,John Metcalf,github.com/n1LS/redcode-warriors,https://raw.githubusercontent.com/n1LS/redcode-warriors/615f2f3d75acfcb5420821eb5c1acc659377a7e2/trivial02.red,61433b40d4d2a5dc9a742a5f637894af103033694be849ba1dcaf2d7a2d8eadb
133,10494.5,Maelstrom,Roy van Rijn,Koenigstuhl 94nop TOP-50,https://asdflkj.net/COREWAR/94/TOP50/94top50.tar.gz : HILL32/maelstrom.red,cdf895d8ef204d41afd8285aa82d9a359f84c747054ce73c3608598e5671d5c0
134,10492.0,Pale Shears3,Matt Hastings,github.com/n1LS/redcode-warriors,https://raw.githubusercontent.com/n1LS/redcode-warriors/615f2f3d75acfcb5420821eb5c1acc659377a7e2/pale3.red,77aa5ec139ce757beec88431c30588144df52f09aed144b39bb00e1c83fc5c2c
135,10489.5,Rusty Old Scissors v4,Ryan Coleman,github.com/n1LS/redcode-warriors,https://raw.githubusercontent.com/n1LS/redcode-warriors/615f2f3d75acfcb5420821eb5c1acc659377a7e2/rustyoldsci4.red,d6115905a61cfbfba7ae89a524594f8f680555263555f54e18761303803c8e56
136,10466.5,Shears,Matt Hastings,github.com/n1LS/redcode-warriors,https://raw.githubusercontent.com/n1LS/redcode-warriors/615f2f3d75acfcb5420821eb5c1acc659377a7e2/shears.red,f9e65fc01e5015c8900f33e73cd0b47150c5f336dd6b0a2af99b31b65ffcd3a7
137,10464.5,Xenosmilus,John Metcalf,Koenigstuhl 94nop TOP-50,https://asdflkj.net/COREWAR/94/TOP50/94top50.tar.gz : HILL32/xenosmilus.red,e0073d011e71ce7e08b12f802a20342a0019e6db152fbbab1b3e2ab0c56baa11
138,10445.25,Miss Treatment,Derek Ross,github.com/n1LS/redcode-warriors,https://raw.githubusercontent.com/n1LS/redcode-warriors/615f2f3d75acfcb5420821eb5c1acc659377a7e2/treatment.red,3e1fd77cbc54fc8ae16836f78c70000f050e2ead61eabac8a857efe04415c305
139,10441.0,Reepicheep,Grabun/Metcalf,Koenigstuhl 94nop TOP-50,https://asdflkj.net/COREWAR/94/TOP50/94top50.tar.gz : HILL32/reepicheep.red,9080d19475e383e2061fc15306be538db6f9cab30bcd6201ba70d6990e011447
140,10439.75,Vortex,Ilmari Karonen,github.com/n1LS/redcode-warriors,https://raw.githubusercontent.com/n1LS/redcode-warriors/615f2f3d75acfcb5420821eb5c1acc659377a7e2/vortex.red,40dbb8b9e595e040770b1cd1503972eda2e0cd06723be0254ba082bc303bbc20
141,10374.5,Numb,Roy van Rijn,Koenigstuhl 94nop TOP-50,https://asdflkj.net/COREWAR/94/TOP50/94top50.tar.gz : HILL32/numb.red,85f462995071e83a7308138bafcbd44f3c9b2807dd5bc8f4fd72387e1d63242f
142,10368.5,Stepping Stone,Kurt Franke,Koenigstuhl Pspace TOP-50,https://asdflkj.net/COREWAR/PSPACE/TOP50/psptop50.tar.gz : HILL32/stepping.red,7b302357a1831c2a4b6987289420ede3f08a9a19346596f122714a8bd0c62a92
143,10337.0,Night Crawler III,Wayne Sheppard,github.com/n1LS/redcode-warriors,https://raw.githubusercontent.com/n1LS/redcode-warriors/615f2f3d75acfcb5420821eb5c1acc659377a7e2/nightcrawl3.red,6a9e720aea35a38992ffb6c4a505c70b30f46abd1368ec74db4e2fef9fdc31df
144,10319.25,Funky Monks,David Moore,Koenigstuhl Pspace TOP-50,https://asdflkj.net/COREWAR/PSPACE/TOP50/psptop50.tar.gz : HILL32/funkymonks.red,02c57187dd79ba8401e179eaf67059d756a456c5506ab4b28a51c566c4514cb1
145,10312.25,Babbo Natale,Maurizio Vittuari,Koenigstuhl Pspace TOP-50,https://asdflkj.net/COREWAR/PSPACE/TOP50/psptop50.tar.gz : HILL32/babbonatale.red,684a3597358aadd776e08eedeabdfe406610efc30c0de5b1fa56daeb22b73a2f
146,10290.5,Positive Knife '88,Ken Espiritu,github.com/n1LS/redcode-warriors,https://raw.githubusercontent.com/n1LS/redcode-warriors/615f2f3d75acfcb5420821eb5c1acc659377a7e2/positiveknife.red,2f0ec8bb0a062fa1c43af4aac405a62a5fa34e086c314ef19cd59af7f2e0693e
147,10283.75,Winter Werewolf,W. Mintardjo,github.com/n1LS/redcode-warriors,https://raw.githubusercontent.com/n1LS/redcode-warriors/615f2f3d75acfcb5420821eb5c1acc659377a7e2/winter.red,9f35a1ac0f0db619680f0dd287c0535851392f88dd8e798f5d53236712c699d6
148,10271.0,Griffin 2,Anders Ivner,github.com/n1LS/redcode-warriors,https://raw.githubusercontent.com/n1LS/redcode-warriors/615f2f3d75acfcb5420821eb5c1acc659377a7e2/griffin.red,0ecc5ca437d927376d26db1e6c1842a27ba15016b619adb2a5332a78f09c7fe1
149,10252.5,Tangle Trap 3,David Moore,github.com/n1LS/redcode-warriors,https://raw.githubusercontent.com/n1LS/redcode-warriors/615f2f3d75acfcb5420821eb5c1acc659377a7e2/tangletrap3.red,d88854541a15201db001a27fc1f77c00629a7fe8ab152b2ae9d6b5348acc902c
150,10245.0,Shadow Seeker,John Metcalf,github.com/n1LS/redcode-warriors,https://raw.githubusercontent.com/n1LS/redcode-warriors/615f2f3d75acfcb5420821eb5c1acc659377a7e2/shadowseeker.red,c4eea327fb4c1a388af1979666b0b17155bcf6c9d3a65f24a5d0c11d47b3ab51
151,10229.0,Iron Sword,Wayne Sheppard,github.com/n1LS/redcode-warriors,https://raw.githubusercontent.com/n1LS/redcode-warriors/615f2f3d75acfcb5420821eb5c1acc659377a7e2/ironsword.red,498329c66d78153a2007438cf3d4b6d272ce8043c49a343d51794a53ce2622ee
152,10202.5,delay 0.02b 50,bjoern guenzel,Koenigstuhl Pspace TOP-50,https://asdflkj.net/COREWAR/PSPACE/TOP50/psptop50.tar.gz : HILL32/delay002b50.red,852b4641eefc2ae16139fb5d90fe44347d552a0ffe69324ed60e89b2e3f78608
153,10197.0,Pixie 88,Lukasz Grabun,github.com/n1LS/redcode-warriors,https://raw.githubusercontent.com/n1LS/redcode-warriors/615f2f3d75acfcb5420821eb5c1acc659377a7e2/pixie88.red,645fe724da374423057143fc3e63c5b56a8903b4ab1076adea4bc754e586cc2f
154,10156.5,Illusion,Randy Graham,github.com/n1LS/redcode-warriors,https://raw.githubusercontent.com/n1LS/redcode-warriors/615f2f3d75acfcb5420821eb5c1acc659377a7e2/illusion.red,badc8614ae37d675b2251cd10e8a3786b3e0db944600b8c055888cc90726922d
155,10151.75,Evoltmp 88,John K W,github.com/n1LS/redcode-warriors,https://raw.githubusercontent.com/n1LS/redcode-warriors/615f2f3d75acfcb5420821eb5c1acc659377a7e2/evoltmp88.red,e7145e3ee98d45f4b4d73a646995ea528d3daa3a10cb2093a7599e3768164f86
156,10144.5,Oneshot '88,John Metcalf,github.com/n1LS/redcode-warriors,https://raw.githubusercontent.com/n1LS/redcode-warriors/615f2f3d75acfcb5420821eb5c1acc659377a7e2/oneshot88.red,24cdb3d6b9b3419372fba646a7cda5fa51b1c9d7c9e0b3b7d7b94a3d8f9b26f2
157,10140.75,Trident^2 '88,John K W,github.com/n1LS/redcode-warriors,https://raw.githubusercontent.com/n1LS/redcode-warriors/615f2f3d75acfcb5420821eb5c1acc659377a7e2/trident288.red,d3cff1d2b5e4aa9602e6f9cf64c54314ac46617fdb005690317ec7479b20f4f1
158,10139.0,Eclipse V2.0,P.Kline,github.com/n1LS/redcode-warriors,https://raw.githubusercontent.com/n1LS/redcode-warriors/615f2f3d75acfcb5420821eb5c1acc659377a7e2/eclipse2.red,1e2c6f73b39bead9bd4c807cae64ee1029ae14005022bf118f0520e117311386
159,10101.75,Halcyon,Roy van Rijn,Koenigstuhl 94nop TOP-50,https://asdflkj.net/COREWAR/94/TOP50/94top50.tar.gz : HILL32/halcyon.red,395b33f82f1f103af602f8c33f4db257bde93a0731c5e3125b43e51e44169cab
160,10088.0,For John,Roy van Rijn,Koenigstuhl 94nop TOP-50,https://asdflkj.net/COREWAR/94/TOP50/94top50.tar.gz : HILL32/forjohn.red,13dde00646c6a59809f55dca0f620c208d8ba327d7d86ad7d1d6aa6e7a3f847f
161,10081.75,unheard-of '88,Christian Schmidt,github.com/n1LS/redcode-warriors,https://raw.githubusercontent.com/n1LS/redcode-warriors/615f2f3d75acfcb5420821eb5c1acc659377a7e2/unheardof88.red,46d9001c9e0c5e1b1136fbbfe24b43d39040bb1324a0a787fe1c31f229794b13
162,10080.5,PacMan,David Moore,github.com/n1LS/redcode-warriors,https://raw.githubusercontent.com/n1LS/redcode-warriors/615f2f3d75acfcb5420821eb5c1acc659377a7e2/pacman.red,bff8bd76d0ee4b503e1a5d270b2c3a9c59a4a4868c9e38f3057acd9c7edf6427
163,10079.0,Charon v2.0,J.Cisek,github.com/n1LS/redcode-warriors,https://raw.githubusercontent.com/n1LS/redcode-warriors/615f2f3d75acfcb5420821eb5c1acc659377a7e2/charon2.red,ee6bcf70696fe07dffd68296d26b7875f9b348e8ee44d7104864afc3c8879052
164,10065.5,Crimp,Andy Pierce,github.com/n1LS/redcode-warriors,https://raw.githubusercontent.com/n1LS/redcode-warriors/615f2f3d75acfcb5420821eb5c1acc659377a7e2/crimp.red,3177e99652ce139ccd1c65d20c0537ca2b25cfeb81714eb44e6af432bef48cfb
165,10060.25,Snake7,Wayne Sheppard,github.com/n1LS/redcode-warriors,https://raw.githubusercontent.com/n1LS/redcode-warriors/615f2f3d75acfcb5420821eb5c1acc659377a7e2/snake7.red,70027dc137f20f44a1f4d87c48cd782e7c59501f78cbc2ad1acb09bf17066673
166,10031.5,Falling Leaf 1.21,Matt Hastings,github.com/n1LS/redcode-warriors,https://raw.githubusercontent.com/n1LS/redcode-warriors/615f2f3d75acfcb5420821eb5c1acc659377a7e2/fallingleaf.red,ac0fd86b930a79af2211ae765bf3379d9b32021d39bd385894055eede51cdacd
167,10021.0,PitTrap v2.3a,J.Cisek,github.com/n1LS/redcode-warriors,https://raw.githubusercontent.com/n1LS/redcode-warriors/615f2f3d75acfcb5420821eb5c1acc659377a7e2/pittrap.red,ae6988d484341848817f917831072581cd5fce475395cf999b71cb9736543697
168,10003.5,The Art of CoreWar,Fluffy/Sascha Zapf,Koenigstuhl 94nop TOP-50,https://asdflkj.net/COREWAR/94/TOP50/94top50.tar.gz : HILL32/artofcorewar.red,23398be88cd1faa72067bdb0186c7b4aeae9ddc2cb98cf1faf9f835278a99369
169,9982.25,DanceOfFallenAngels,Nenad Tomasev,Koenigstuhl 94nop TOP-50,https://asdflkj.net/COREWAR/94/TOP50/94top50.tar.gz : HILL32/dofa.red,d5e980f7451b8e2e6cc27bcbe2fc9b3c7e9b7802088828e80a86e1e004e0e9ef
170,9898.5,B++,Dan Nabutovsky,github.com/n1LS/redcode-warriors,https://raw.githubusercontent.com/n1LS/redcode-warriors/615f2f3d75acfcb5420821eb5c1acc659377a7e2/bpp.red,9bfb561159d1392c0a82f623638065e61e6bd37389ebee97041cbf506ac71363
171,9886.5,Sucker 5,Stefan Strack,github.com/n1LS/redcode-warriors,https://raw.githubusercontent.com/n1LS/redcode-warriors/615f2f3d75acfcb5420821eb5c1acc659377a7e2/sucker5.red,fce6875d49a7b9d29f2f62672c27984ffedcfb27232b717ab66ebeb88f72dbb0
172,9865.75,Sucker 4,Stefan Strack,github.com/n1LS/redcode-warriors,https://raw.githubusercontent.com/n1LS/redcode-warriors/615f2f3d75acfcb5420821eb5c1acc659377a7e2/sucker4.red,84d616389d8598386eb7325a36d21358e552096ee298e0d3ba340ccfc8389c96
173,9855.5,Tuning Fork,Robert Hale,Koenigstuhl Pspace TOP-50,https://asdflkj.net/COREWAR/PSPACE/TOP50/psptop50.tar.gz : HILL32/tuningfork.red,cddcc27279d287a8c5c954711a5726fdf553b6f85aa73f1e9b7e684eee50faf8
174,9852.0,Rust,inversed,Koenigstuhl 94nop TOP-50,https://asdflkj.net/COREWAR/94/TOP50/94top50.tar.gz : HILL32/rust.red,985995b5997afeaab0d815334f1c11643a0b4feb342bff733fd783be47f9cc1b
175,9827.75,Blur '88,Anton Marsden,github.com/n1LS/redcode-warriors,https://raw.githubusercontent.com/n1LS/redcode-warriors/615f2f3d75acfcb5420821eb5c1acc659377a7e2/blur88.red,cc78b983b46a936ff8f16b1e7a22fb08acd7d63dc05bace9400761c025b38cca
176,9776.75,ImpsAreMyFriend 1.1,James Layland,github.com/n1LS/redcode-warriors,https://raw.githubusercontent.com/n1LS/redcode-warriors/615f2f3d75acfcb5420821eb5c1acc659377a7e2/impsamf.red,0cdeeb7862f39cf34a4db810ac016e3e8eaedd6d0a8c1388dc9f04465b5e400e
177,9748.5,Tangle Trap 2,David Moore,github.com/n1LS/redcode-warriors,https://raw.githubusercontent.com/n1LS/redcode-warriors/615f2f3d75acfcb5420821eb5c1acc659377a7e2/tangletrap2.red,2433675bec5a5a8e2e59eb7dc971191b77ff3fd1ad6ead24823a909de74e9ecd
178,9741.0,Rosebud 88,Beppe,github.com/n1LS/redcode-warriors,https://raw.githubusercontent.com/n1LS/redcode-warriors/615f2f3d75acfcb5420821eb5c1acc659377a7e2/rosebud88.red,b7667c1619241b75f0ed2af4a8fb58f15157d1721efc313070bee45ff5e64030
179,9693.5,Vala,John Metcalf,github.com/n1LS/redcode-warriors,https://raw.githubusercontent.com/n1LS/redcode-warriors/615f2f3d75acfcb5420821eb5c1acc659377a7e2/vala.red,a6a6aca926f3fdcf93f5deeb149b3351e6a0c46695dca3f01c0cc730c8b96d6f
180,9677.25,Icewall,Matt Hastings,github.com/n1LS/redcode-warriors,https://raw.githubusercontent.com/n1LS/redcode-warriors/615f2f3d75acfcb5420821eb5c1acc659377a7e2/icewall.red,77eb708b671f1c1a92139befa7c779e61e638cae76c74a7e191b19d626160090
181,9659.5,NC decoy,Wayne Sheppard,github.com/n1LS/redcode-warriors,https://raw.githubusercontent.com/n1LS/redcode-warriors/615f2f3d75acfcb5420821eb5c1acc659377a7e2/ncdecoy.red,22169b1c38e559ca47f96c31dd8fc0886eb8caaf1b63caa7d1ba8e3b6506bb13
182,9647.0,Backstabber,Anders Ivner,github.com/n1LS/redcode-warriors,https://raw.githubusercontent.com/n1LS/redcode-warriors/615f2f3d75acfcb5420821eb5c1acc659377a7e2/backstabber.red,c06b3b9527fd369d7dbaa16238b7afdbb20613279e6ede923e8d4b1fc15634b0
183,9643.75,Precipice,Matt Hastings,github.com/n1LS/redcode-warriors,https://raw.githubusercontent.com/n1LS/redcode-warriors/615f2f3d75acfcb5420821eb5c1acc659377a7e2/precipice.red,29618fb79b28d771547fdea9106c427c4d47a43382539077ded8b90084065f5e
184,9625.0,Imprimis 2,P.Kline,github.com/n1LS/redcode-warriors,https://raw.githubusercontent.com/n1LS/redcode-warriors/615f2f3d75acfcb5420821eb5c1acc659377a7e2/imprimis2.red,4c75fc2836dac0a310991e1749d7b0df1cd8d343c3eed521bc1fc03b2c166a18
185,9621.5,Aeka,T.Hsu,pMARS 0.9.2 distribution (GPL-2.0),https://raw.githubusercontent.com/mbarbon/pMARS/e7e8d08c2be43a2fe84c49516b8f50553d3126bc/warriors/aeka.red,95d2c74611ea46740c9212a18c31b273302e95cc6f2b99a2485604321cead183
186,9620.25,Twilight Pits v6.0,W. Mintardjo,github.com/n1LS/redcode-warriors,https://raw.githubusercontent.com/n1LS/redcode-warriors/615f2f3d75acfcb5420821eb5c1acc659377a7e2/twilight6.red,e6ddca63a082fe37cf49f4678b68d5eedb5d6e1a0ae379fe8445f0864ac99315
187,9574.25,Fire Storm v1.1,W. Mintardjo,github.com/n1LS/redcode-warriors,https://raw.githubusercontent.com/n1LS/redcode-warriors/615f2f3d75acfcb5420821eb5c1acc659377a7e2/firestorm11.red,f328903697d09de828382766390086a07a4f18a4ed43cc553f62c2693f8b1c45
188,9553.5,Old School Flavor,m r bremer,github.com/n1LS/redcode-warriors,https://raw.githubusercontent.com/n1LS/redcode-warriors/615f2f3d75acfcb5420821eb5c1acc659377a7e2/oldschoolf.red,78c23bf8d9a383edebfaac7212ab54be73bb49e13162c5bca04c7d4f766c50cf
189,9550.25,Charon v8.1,"Cisek,Strack,Kline",github.com/n1LS/redcode-warriors,https://raw.githubusercontent.com/n1LS/redcode-warriors/615f2f3d75acfcb5420821eb5c1acc659377a7e2/charon81.red,87ab162bd21643e9546d5b5dfaff22ad0db33466026f2fae68b010a6498b24d8
190,9513.0,Sucker 3,Stefan Strack,github.com/n1LS/redcode-warriors,https://raw.githubusercontent.com/n1LS/redcode-warriors/615f2f3d75acfcb5420821eb5c1acc659377a7e2/sucker3.red,1d96fd968d5f27e68b02aa3fa182cee4325ac1ebade9bd20a21574afaa815d3a
191,9481.25,Vagabond,P.Kline,github.com/n1LS/redcode-warriors,https://raw.githubusercontent.com/n1LS/redcode-warriors/615f2f3d75acfcb5420821eb5c1acc659377a7e2/vagabond.red,3452429b31409f986b5ab11255440a793809add517f48f7741d81382c1f2865b
192,9461.5,Simple '88,Ian Oversby,github.com/n1LS/redcode-warriors,https://raw.githubusercontent.com/n1LS/redcode-warriors/615f2f3d75acfcb5420821eb5c1acc659377a7e2/simple88.red,6321704d4a2b7d1cb7cb138c3b6ff307f276ca8ddc240527a63f7d94515e89bd
193,9419.75,Leech,William Shubert,github.com/n1LS/redcode-warriors,https://raw.githubusercontent.com/n1LS/redcode-warriors/615f2f3d75acfcb5420821eb5c1acc659377a7e2/leech.red,ce8a3968249cbc16259e6fa99513a66f79ae48f3651e36a034bcc37f8905a517
194,9392.0,Aggression is a switch,M Joonas Pihlaja,Koenigstuhl Pspace TOP-50,https://asdflkj.net/COREWAR/PSPACE/TOP50/psptop50.tar.gz : HILL32/aggression.red,4997d62506fb5831de076f99bfad3c7318ab7a727d242c4282abd40a0d6bfcdf
195,9374.75,cproba,nandor sieben,github.com/n1LS/redcode-warriors,https://raw.githubusercontent.com/n1LS/redcode-warriors/615f2f3d75acfcb5420821eb5c1acc659377a7e2/cproba.red,d862d917f6ba805f7b2e86b6f5a4d6694467519dc17380bd2b0b645b792967b4
196,9316.75,Leapfrog,David Moore,github.com/n1LS/redcode-warriors,https://raw.githubusercontent.com/n1LS/redcode-warriors/615f2f3d75acfcb5420821eb5c1acc659377a7e2/leapfrog.red,3ca6eb387f4ac56d497df8d402c4034e9cc52229bab34b8aa22027ed22dc975d
197,9296.5,Imprimis,P.Kline,github.com/n1LS/redcode-warriors,https://raw.githubusercontent.com/n1LS/redcode-warriors/615f2f3d75acfcb5420821eb5c1acc659377a7e2/imprimis.red,3644f97948923560f1c3b3c6ba03cc7b7a4e2560ee2aa1cefa14ee1c4516f402
198,9295.25,Charon v8.0,"Cisek,Strack,Kline",github.com/n1LS/redcode-warriors,https://raw.githubusercontent.com/n1LS/redcode-warriors/615f2f3d75acfcb5420821eb5c1acc659377a7e2/charon80.red,313690bed173b2ee03af4d4e6a9c147f50fc2f67bf80debd9179c454a34120c8
199,9294.75,Burning Vengeance,Michal Janeczek,Koenigstuhl Pspace TOP-50,https://asdflkj.net/COREWAR/PSPACE/TOP50/psptop50.tar.gz : HILL32/burningven.red,36d6a7105009c250434fe35dbc82d85d820465fcd491f14df1971dfa6c12b6e1
200,9255.75,scissors3.1,Scott Nelson,github.com/n1LS/redcode-warriors,https://raw.githubusercontent.com/n1LS/redcode-warriors/615f2f3d75acfcb5420821eb5c1acc659377a7e2/scissors31.red,18bc53495ae05effd7d92def36dd6b2884059ea6db6e4f2d4915d14dbc6a601b
201,9254.5,Armadillo,Stefan Strack,github.com/n1LS/redcode-warriors,https://raw.githubusercontent.com/n1LS/redcode-warriors/615f2f3d75acfcb5420821eb5c1acc659377a7e2/armadillo88.red,aee56c5d51b78d8b6384d4b8815543370e2bd278e25cf886bc02d4e6db948790
202,9243.0,Full moon,Dan Nabutovsky,github.com/n1LS/redcode-warriors,https://raw.githubusercontent.com/n1LS/redcode-warriors/615f2f3d75acfcb5420821eb5c1acc659377a7e2/fullmoon.red,dc5d27c74ed1efadc619b393c6e51a29a7af664231c9563c9fbe4449dbf3d67d
203,9221.75,Flurry,Anton Marsden,Koenigstuhl Pspace TOP-50,https://asdflkj.net/COREWAR/PSPACE/TOP50/psptop50.tar.gz : HILL32/flurry.red,357bd39698e24b60f00ba3883c2700348b45b04f223d980145ee04cf8690f9d6
204,9220.0,Cat Can,A. Kirchner,github.com/n1LS/redcode-warriors,https://raw.githubusercontent.com/n1LS/redcode-warriors/615f2f3d75acfcb5420821eb5c1acc659377a7e2/catcan.red,4ce001e0e452bc3f15644f349bb28750ce2c7667a2f09519153b8296d5776feb
205,9216.0,Imprimis 6,P.Kline,github.com/n1LS/redcode-warriors,https://raw.githubusercontent.com/n1LS/redcode-warriors/615f2f3d75acfcb5420821eb5c1acc659377a7e2/imprimis6.red,5de559facd331052f1ebf20ef7b1fbe46f722bb78414e812a0813d0a59a9d262
206,9203.75,Keystone t21,P.Kline,github.com/n1LS/redcode-warriors,https://raw.githubusercontent.com/n1LS/redcode-warriors/615f2f3d75acfcb5420821eb5c1acc659377a7e2/keystonet21.red,7fb8a03033cd1903d9763a3f622a12395a1e46b91db3847d53033028eb0d37af
207,9173.0,Matreshka Rulez!,inversed,github.com/n1LS/redcode-warriors,https://raw.githubusercontent.com/n1LS/redcode-warriors/615f2f3d75acfcb5420821eb5c1acc659377a7e2/matreshka.red,de6f5c648e760dbc88d81e056d42081080bbf5bc249f7449c15d145e07369af5
208,9172.5,Kitchen Sink II,Robert Macrae,github.com/n1LS/redcode-warriors,https://raw.githubusercontent.com/n1LS/redcode-warriors/615f2f3d75acfcb5420821eb5c1acc659377a7e2/kitchensinkII.red,26cbfcd9aca38dc92f10aaee5bf73b162206c2230082666d343a223de4763749
209,9150.75,Blitzkrieg,Mike Nonemacher,github.com/n1LS/redcode-warriors,https://raw.githubusercontent.com/n1LS/redcode-warriors/615f2f3d75acfcb5420821eb5c1acc659377a7e2/blitzkrieg.red,095c5e2feda28628e0efaced639687aa21888b339263fe38ef78d06f6806c12e
210,9144.5,Scanitator 4,Christian Schmidt,Koenigstuhl Pspace TOP-50,https://asdflkj.net/COREWAR/PSPACE/TOP50/psptop50.tar.gz : HILL32/scanitator4.red,6343000d00cf8ddfd985f97e3fb028abc86045dc73f315487bbaef22e4909189
211,9136.75,scissors88,Scott Nelson,github.com/n1LS/redcode-warriors,https://raw.githubusercontent.com/n1LS/redcode-warriors/615f2f3d75acfcb5420821eb5c1acc659377a7e2/scissors88.red,d0de6af2d1e6414d22c669ef98a6846647e6105054cbe87de030ddc67500e7df
212,9133.75,Keystone t13,P.Kline,github.com/n1LS/redcode-warriors,https://raw.githubusercontent.com/n1LS/redcode-warriors/615f2f3d75acfcb5420821eb5c1acc659377a7e2/keystonet13.red,c2811619a027bc57ba6c222cf52b40f6b488e265d29f5ac28e84f7299ec7315d
213,9128.5,Impressive,Dan Nabutovsky,github.com/n1LS/redcode-warriors,https://raw.githubusercontent.com/n1LS/redcode-warriors/615f2f3d75acfcb5420821eb5c1acc659377a7e2/impressive.red,4137acb5f4e88dc13787d80d6f7d8ec68d7480c0251ff343eeb8d2581ba83a5f
214,9118.25,Scanitator 3.0,Christian Schmidt,Koenigstuhl Pspace TOP-50,https://asdflkj.net/COREWAR/PSPACE/TOP50/psptop50.tar.gz : HILL32/scanitator3.red,137da6a8350dcb36cbf15826d660c023762172fd1075ef7eca4ca502bbdc4ef0
215,9112.0,SNOWMAN v3.15,John Metcalf,github.com/n1LS/redcode-warriors,https://raw.githubusercontent.com/n1LS/redcode-warriors/615f2f3d75acfcb5420821eb5c1acc659377a7e2/snowmanv315.red,7184b6069db14ff30e62753c4cc97bf6ed82c8fa4bb76f614a8cc26d8dc5fe09
216,9094.25,Herem II,Anders Ivner,github.com/n1LS/redcode-warriors,https://raw.githubusercontent.com/n1LS/redcode-warriors/615f2f3d75acfcb5420821eb5c1acc659377a7e2/herem2.red,5fbcf75ca0a288dfd7ba293c52e8cecb074a9a4e8d66545f49b82ed3d4f0f679
217,9080.25,SNAKE,WAYNE SHEPPARD,github.com/n1LS/redcode-warriors,https://raw.githubusercontent.com/n1LS/redcode-warriors/615f2f3d75acfcb5420821eb5c1acc659377a7e2/snake.red,a448bed69b5ffecbd659fbbe9fef8473a94d09b0faf04e67668bd2e5b845a8ee
218,9047.0,Sandstorm Q/0.6c,Ilmari Karonen,Koenigstuhl Pspace TOP-50,https://asdflkj.net/COREWAR/PSPACE/TOP50/psptop50.tar.gz : HILL32/sandstorm06.red,a094baea8dd9100446cb9a97d7093855123e3bb59a4f476c63f38afe3f72e930
219,9026.25,Cannonade,P.Kline,github.com/n1LS/redcode-warriors,https://raw.githubusercontent.com/n1LS/redcode-warriors/615f2f3d75acfcb5420821eb5c1acc659377a7e2/cannonade.red,8bdf6615bcddfe2c18788c20e96c46f968e837dc2e17251a0a8cbb95daa3422e
220,9004.0,Froglegs,John Lewis,github.com/n1LS/redcode-warriors,https://raw.githubusercontent.com/n1LS/redcode-warriors/615f2f3d75acfcb5420821eb5c1acc659377a7e2/froglegs.red,ba899f6a64f751ee0f5773307fa4bc83b02ba52dd780a9c50a7a5077f7fb5a0e
221,8997.75,Yop La Boum v2.1,P.E.M & E.C.,github.com/n1LS/redcode-warriors,https://raw.githubusercontent.com/n1LS/redcode-warriors/615f2f3d75acfcb5420821eb5c1acc659377a7e2/yoplaboum.red,84b83829f0e24f2b7a2ead89b483460eefedcbaa7b5911354f6692a801d89d18
222,8971.25,Froth and Fizzle,P.Kline,Koenigstuhl 94nop TOP-50,https://asdflkj.net/COREWAR/94/TOP50/94top50.tar.gz : HILL32/frothfizzle.red,adfe00fe47f8aaba732a855eac9afc7c160393055d2a1da985ac3301eaa06515
223,8963.5,Imps!  Imps!  Imps!,Steven Morrell,github.com/n1LS/redcode-warriors,https://raw.githubusercontent.com/n1LS/redcode-warriors/615f2f3d75acfcb5420821eb5c1acc659377a7e2/impsimpsimps.red,d4c573f615ae85a4072def61acec9a1b3986c9db9f5f37ee84504944e5a2c41a
224,8961.0,Nevermore 3.2,Jeff Raven,github.com/n1LS/redcode-warriors,https://raw.githubusercontent.com/n1LS/redcode-warriors/615f2f3d75acfcb5420821eb5c1acc659377a7e2/nevermore.red,6870b74e2fd2f466a6c934bcc0e677bcc6aa69bb18b0e04530b73205485ff910
225,8931.25,Fast Food v2.1,Brant D. Thomsen,github.com/n1LS/redcode-warriors,https://raw.githubusercontent.com/n1LS/redcode-warriors/615f2f3d75acfcb5420821eb5c1acc659377a7e2/fastfood.red,11b1fa86309e09e645a495538249860c451639804790b928983c05dd259db5a3
226,8925.75,SnowScan,P.Kline,Koenigstuhl 94nop TOP-50,https://asdflkj.net/COREWAR/94/TOP50/94top50.tar.gz : HILL32/snowscan.red,e0462d77805723de25a7560d774cd236f216a1fac7905b26086246fbc14835f7
227,8922.75,Parthenos,Pierre Dak Baillargeon,github.com/n1LS/redcode-warriors,https://raw.githubusercontent.com/n1LS/redcode-warriors/615f2f3d75acfcb5420821eb5c1acc659377a7e2/parthenos.red,d8c4b366452daa900089aeb25bc8449ca1efb4da2ff1c6059d55b28682b9d669
228,8887.25,Challenge 1,Michael Constant,github.com/n1LS/redcode-warriors,https://raw.githubusercontent.com/n1LS/redcode-warriors/615f2f3d75acfcb5420821eb5c1acc659377a7e2/challenge1.red,5fe3b438913bb6d68acca91668900cc22cda9f1e55efd5248fae6975e16d894d
229,8875.75,Creampuff II,P. Kline,github.com/n1LS/redcode-warriors,https://raw.githubusercontent.com/n1LS/redcode-warriors/615f2f3d75acfcb5420821eb5c1acc659377a7e2/creampuff2.red,88e214e51a4c40ffa0252f37ca1330df5efbc6816d20c4f0ceafdb71617ef67e
230,8871.0,Fat Expansion (V),Philip Thorne [RM/JM],github.com/n1LS/redcode-warriors,https://raw.githubusercontent.com/n1LS/redcode-warriors/615f2f3d75acfcb5420821eb5c1acc659377a7e2/fatexpansion.red,11c30e8e8c2bfc6ed96706c2a85e20966bc8f929880af9cfc125543252e24c50
231,8819.5,B-Panama V,Steven Morrell,github.com/n1LS/redcode-warriors,https://raw.githubusercontent.com/n1LS/redcode-warriors/615f2f3d75acfcb5420821eb5c1acc659377a7e2/bpanamaV.red,eadc06166d43c4de9fbce5f7ebfdd0ae19a6082f6d342dc9a028f128c5a84528
232,8801.5,pdQscan,P.Kline,Koenigstuhl 94nop TOP-50,https://asdflkj.net/COREWAR/94/TOP50/94top50.tar.gz : HILL32/pdqscan.red,60b34ea41355bb198f08565f145a05bff8c229d94a2f26c538bcb2bb3277baad
233,8796.5,Impression v3,Dan Nabutovsky,github.com/n1LS/redcode-warriors,https://raw.githubusercontent.com/n1LS/redcode-warriors/615f2f3d75acfcb5420821eb5c1acc659377a7e2/impression.red,25e1fa7e28e802e3e0b850095138e3ded126cddbf908edb56477b47171cbf757
234,8790.25,Return of the Fugitive,David Moore,Koenigstuhl Pspace TOP-50,https://asdflkj.net/COREWAR/PSPACE/TOP50/psptop50.tar.gz : HILL32/rotf.red,168ee78c231255728274b63da23082c23a0ccb01ed92d976898a732d35de9a82
235,8740.0,PacMan v3,David Moore,github.com/n1LS/redcode-warriors,https://raw.githubusercontent.com/n1LS/redcode-warriors/615f2f3d75acfcb5420821eb5c1acc659377a7e2/pacman3.red,1ea67d76715c379ed07cf1f29914b63fd634e56ead910981f9636eb44bf9a31c
236,8721.0,dead end,nandor sieben,github.com/n1LS/redcode-warriors,https://raw.githubusercontent.com/n1LS/redcode-warriors/615f2f3d75acfcb5420821eb5c1acc659377a7e2/deadend.red,34ca0a6f95a76d520bf6b9b7d24f1c6ef3eeb3f96b50856826350e0fc3414d8d
237,8684.0,A.I.P.,Christian Schmidt,github.com/n1LS/redcode-warriors,https://raw.githubusercontent.com/n1LS/redcode-warriors/615f2f3d75acfcb5420821eb5c1acc659377a7e2/aip.red,7549468c14c8d759770505986aec2a0ee56bd413700bcadba8b86b0e468f9fbc
238,8669.75,lil' shears,P.Kline,github.com/n1LS/redcode-warriors,https://raw.githubusercontent.com/n1LS/redcode-warriors/615f2f3d75acfcb5420821eb5c1acc659377a7e2/lilshears.red,16552f261429cf7c64465e03582d7959c5cb98dee1c10bec89b6dcaf3151e881
239,8662.25,Smartbomb 4.1,Devin Kilminster,github.com/n1LS/redcode-warriors,https://raw.githubusercontent.com/n1LS/redcode-warriors/615f2f3d75acfcb5420821eb5c1acc659377a7e2/smartbomb.red,1a68389f889c8036f6b80640ac59c9545c491afd670bea5fe5b936c873ffd10a
240,8610.5,Gibraltar,Eric Prestemon,github.com/n1LS/redcode-warriors,https://raw.githubusercontent.com/n1LS/redcode-warriors/615f2f3d75acfcb5420821eb5c1acc659377a7e2/gibraltar.red,6de56794b98b20cea8e6fb64347547bda8ea1cbd1cb222d9681584f70d8c9574
241,8571.75,st2,Lukasz Grabun,github.com/n1LS/redcode-warriors,https://raw.githubusercontent.com/n1LS/redcode-warriors/615f2f3d75acfcb5420821eb5c1acc659377a7e2/st2.red,54a60887880aa41c79ed98fad8fbcbf3bdc7490cdd2eb89cbb264da4de944576
242,8557.0,+0 Stormbringer,"D.Nabutovsky, P.Kline",github.com/n1LS/redcode-warriors,https://raw.githubusercontent.com/n1LS/redcode-warriors/615f2f3d75acfcb5420821eb5c1acc659377a7e2/stormbringer.red,038e3413a10cfb218c256d0c3650045f9d36a73201792c59df862d6deb9611c0
243,8536.0,Impurge,Fredrik Ohrstrom,github.com/n1LS/redcode-warriors,https://raw.githubusercontent.com/n1LS/redcode-warriors/615f2f3d75acfcb5420821eb5c1acc659377a7e2/impurge.red,a3fa7e8feb9a0e113a37ef930e9e308e6fd3cb31563ce2341e543a5dd4406553
244,8451.75,Synch 4,Andy Pierce  (ajpierce@med.unc.edu),github.com/n1LS/redcode-warriors,https://raw.githubusercontent.com/n1LS/redcode-warriors/615f2f3d75acfcb5420821eb5c1acc659377a7e2/synch4.red,fb08c36abeaf5e40b348a1b8afcb7bf38c58d3ad125096e5efad2a9b85c0b8be
245,8408.0,Skewer '88,Ben Ford,github.com/n1LS/redcode-warriors,https://raw.githubusercontent.com/n1LS/redcode-warriors/615f2f3d75acfcb5420821eb5c1acc659377a7e2/skewer88.red,a5082ac248c1e73368317a23f171258747aa541605a2b1ed0e396566cc48afaf
246,8399.75,Twill,Andy Pierce,github.com/n1LS/redcode-warriors,https://raw.githubusercontent.com/n1LS/redcode-warriors/615f2f3d75acfcb5420821eb5c1acc659377a7e2/twill.red,47b9a7f0d1c4a1d86e32bb199fa375afc75263c08b573be041ad335084d1bb87
247,8386.5,Paratroops v1.2,W. Mintardjo,github.com/n1LS/redcode-warriors,https://raw.githubusercontent.com/n1LS/redcode-warriors/615f2f3d75acfcb5420821eb5c1acc659377a7e2/paratroops.red,380f97766844d1d2fe07798ee557b05e6f205b0c1f76e8cebcf3883cbec96fa5
248,8361.5,Digital Justice,Jukka Laajarinne,github.com/n1LS/redcode-warriors,https://raw.githubusercontent.com/n1LS/redcode-warriors/615f2f3d75acfcb5420821eb5c1acc659377a7e2/djustice.red,8d958e6f72d18add694670c87dd2900c7678eb399f432c7220bafd96924703b0
249,8353.75,Mobility 8000,David Moore,github.com/n1LS/redcode-warriors,https://raw.githubusercontent.com/n1LS/redcode-warriors/615f2f3d75acfcb5420821eb5c1acc659377a7e2/mobility.red,279c9abb9f94ea1a5d07724fb9494fb113adb6f9838cce214ff63817cc6249be
250,8343.0,SplitBomb,Scott Adkins,github.com/n1LS/redcode-warriors,https://raw.githubusercontent.com/n1LS/redcode-warriors/615f2f3d75acfcb5420821eb5c1acc659377a7e2/splitbomb.red,2639ddb202b42872f107fe7b646df75d67fcc2a6d721db8f7e5959ceff8b3db6
251,8329.0,MyHeremPaper,John K W,github.com/n1LS/redcode-warriors,https://raw.githubusercontent.com/n1LS/redcode-warriors/615f2f3d75acfcb5420821eb5c1acc659377a7e2/myherempaper.red,0efea75d0c41367e325d072dfcd192fd4a472ea1ea012b10f7984318d056518e
252,8322.5,return of the living dead,nandor sieben,github.com/n1LS/redcode-warriors,https://raw.githubusercontent.com/n1LS/redcode-warriors/615f2f3d75acfcb5420821eb5c1acc659377a7e2/returndead.red,da05dfaca14463876c8e75a03d3bb0734f9612bd94f3332bc4b02608577bbc17
253,8298.25,PLASMA 4a,Wayne Sheppard,github.com/n1LS/redcode-warriors,https://raw.githubusercontent.com/n1LS/redcode-warriors/615f2f3d75acfcb5420821eb5c1acc659377a7e2/plasma4.red,e83d436aff30538145edf0c43623af3d636f6b55b169984acb6e6800027016ba
254,8274.0,+1 Stormbringer,Steve Gunnell,github.com/n1LS/redcode-warriors,https://raw.githubusercontent.com/n1LS/redcode-warriors/615f2f3d75acfcb5420821eb5c1acc659377a7e2/stormbringer1.red,c90df262f5266e539ae9efa6f5df5305cf06674cdb0f0032a994fcc3f0caff29
255,8241.75,QuickFreeze,P.Kline,github.com/n1LS/redcode-warriors,https://raw.githubusercontent.com/n1LS/redcode-warriors/615f2f3d75acfcb5420821eb5c1acc659377a7e2/quickfreeze.red,fba64cf629d54ab42137d919f06100a7573a9c8f4651523221af682015887afd
256,8233.0,Fizzle,John Metcalf,github.com/n1LS/redcode-warriors,https://raw.githubusercontent.com/n1LS/redcode-warriors/615f2f3d75acfcb5420821eb5c1acc659377a7e2/fizzle.red,1b1399660bea69d5cc6870cd6f107703bfb59fe4e38d685ea1a8bcc02ef4751f
257,8209.25,Djungle Bungle,Jonas Hartwig,github.com/n1LS/redcode-warriors,https://raw.githubusercontent.com/n1LS/redcode-warriors/615f2f3d75acfcb5420821eb5c1acc659377a7e2/djungleb.red,86f09aabd5bbfc0f807484c0c352fcd141fadbef14c07250419d22ef41c3fa06
258,8205.5,Rock,Scott Nelson,github.com/n1LS/redcode-warriors,https://raw.githubusercontent.com/n1LS/redcode-warriors/615f2f3d75acfcb5420821eb5c1acc659377a7e2/rock.red,6619735f2d2febf7975c5a731172e7bb347097a7e19b612d03d5efc9fc3fb896
259,8200.25,Pleeeeease Give Me a Cmp-Scanner!,James Layland,github.com/n1LS/redcode-warriors,https://raw.githubusercontent.com/n1LS/redcode-warriors/615f2f3d75acfcb5420821eb5c1acc659377a7e2/pleeease.red,97773b5cdee56a41ea93b8f27809f54bf157ebf21029d0c06a5e3b20b2c88cd2
260,8194.5,Twilight Pits 3,W. Mintardjo,github.com/n1LS/redcode-warriors,https://raw.githubusercontent.com/n1LS/redcode-warriors/615f2f3d75acfcb5420821eb5c1acc659377a7e2/twilight3.red,03f1adf36201fd0417e8ddc62a83fdbc6b76aad4b13e30de190cf2d0ba8591ca
261,8171.25,Proteus 3,Matt Hastings,github.com/n1LS/redcode-warriors,https://raw.githubusercontent.com/n1LS/redcode-warriors/615f2f3d75acfcb5420821eb5c1acc659377a7e2/proteus3.red,3e948768e82dd7501a0e4f3ffe89af5b2c5d2295a3f95f3f595dcdb6f09cc635
262,8148.0,Imps!,Andy Pierce,github.com/n1LS/redcode-warriors,https://raw.githubusercontent.com/n1LS/redcode-warriors/615f2f3d75acfcb5420821eb5c1acc659377a7e2/imps.red,f4784f45d981f8011923e000d9c3e7b4c1cfb28d53b50cbcbce3183a78a61859
263,8144.25,rdrc: Gymnosperm Trickery,Dave Hillis,github.com/n1LS/redcode-warriors,https://raw.githubusercontent.com/n1LS/redcode-warriors/615f2f3d75acfcb5420821eb5c1acc659377a7e2/gymnospermtrickery.red,c3165f9f2897b2b2a14bae78e1fb3c0c1153837abfbbd97e753ea9c1c1ff56f8
264,8124.75,Zippo Lighter,Franz,github.com/n1LS/redcode-warriors,https://raw.githubusercontent.com/n1LS/redcode-warriors/615f2f3d75acfcb5420821eb5c1acc659377a7e2/zippol.red,9281abee311321e6c4a1f670b0322eac975f39411fe5e170c547fc69d125a6ab
265,8108.0,Imprimis 4,P.Kline,github.com/n1LS/redcode-warriors,https://raw.githubusercontent.com/n1LS/redcode-warriors/615f2f3d75acfcb5420821eb5c1acc659377a7e2/imprimis4.red,5ffb13af09fa3f450cfda47c97e57998a2f577f14793e3e46d45f96bd6b4f5a2
266,8046.5,Spitfire 3,Stefan Strack,github.com/n1LS/redcode-warriors,https://raw.githubusercontent.com/n1LS/redcode-warriors/615f2f3d75acfcb5420821eb5c1acc659377a7e2/spitfire3.red,fb809a1a53e44ba1ee2511f0e59770840f991242db13d585ce7eeeb39f15e408
267,7995.75,RedRain,Wayne Sheppard,github.com/n1LS/redcode-warriors,https://raw.githubusercontent.com/n1LS/redcode-warriors/615f2f3d75acfcb5420821eb5c1acc659377a7e2/redrain.red,a034cbbaa29fd7b9fe5ddedca6b3a617dfac7749677f79ff6d1dbd7e60dafbf3
268,7968.25,Ike v.21,Paul S. Kilroy,github.com/n1LS/redcode-warriors,https://raw.githubusercontent.com/n1LS/redcode-warriors/615f2f3d75acfcb5420821eb5c1acc659377a7e2/ike.red,a753865301473e8cc9c455d96822ceaf112e18483c6aaab37f3831ead8721128
269,7927.0,The Seed,Roy van Rijn,github.com/n1LS/redcode-warriors,https://raw.githubusercontent.com/n1LS/redcode-warriors/615f2f3d75acfcb5420821eb5c1acc659377a7e2/theseed.red,a0363d0717338f207889721c6a430a6fc9b38302d074d30f920e09d4bd1b17bb
270,7887.0,28dwarf,Pete,github.com/n1LS/redcode-warriors,https://raw.githubusercontent.com/n1LS/redcode-warriors/615f2f3d75acfcb5420821eb5c1acc659377a7e2/dwarf28.red,48008da37cab26fd8d74f597ca961f73ed9073caca4498eacdd075016a3b897e
271,7846.0,Small 4,Andy Pierce,github.com/n1LS/redcode-warriors,https://raw.githubusercontent.com/n1LS/redcode-warriors/615f2f3d75acfcb5420821eb5c1acc659377a7e2/small4.red,fdda50d1cc6d5a083b4e55b0554fd7a15b7a161e0495ec9716bc5f070ccd6f9c
272,7838.75,Hellicon2,Matt Hastings,github.com/n1LS/redcode-warriors,https://raw.githubusercontent.com/n1LS/redcode-warriors/615f2f3d75acfcb5420821eb5c1acc659377a7e2/hellicon.red,73782dfb979b4587b4435e37ca0d7e3df2c6051ab1454726d4a88a3f3b7a0cf8
273,7825.5,Confetti,Pierre Baillargeon,github.com/n1LS/redcode-warriors,https://raw.githubusercontent.com/n1LS/redcode-warriors/615f2f3d75acfcb5420821eb5c1acc659377a7e2/confetti.red,67568f6e88fe7e5edafac3fd79dadc48f04c08a28eb4fbcd93cb470b525c8ad7
274,7804.75,Emerald,P.Kline,github.com/n1LS/redcode-warriors,https://raw.githubusercontent.com/n1LS/redcode-warriors/615f2f3d75acfcb5420821eb5c1acc659377a7e2/emerald.red,6d7913636c3508d54357b256bbdd5feb2e170de9bfec28a6889ea27cf7e3193b
275,7791.0,Wisp,Julius Cisek,github.com/n1LS/redcode-warriors,https://raw.githubusercontent.com/n1LS/redcode-warriors/615f2f3d75acfcb5420821eb5c1acc659377a7e2/wisp.red,d8c7f65ea9a6952ffd7e628556bbab6c83c787dbb8bf0890e857ebf235f41977
276,7756.75,Nothing Special - II,George Eadon,github.com/n1LS/redcode-warriors,https://raw.githubusercontent.com/n1LS/redcode-warriors/615f2f3d75acfcb5420821eb5c1acc659377a7e2/nothingspII.red,bd55769408250410c0ac0299379f03891c6dc05b0c353327b6f6371687e2c4f3
277,7752.75,Well I don't know.,Paulsson,github.com/n1LS/redcode-warriors,https://raw.githubusercontent.com/n1LS/redcode-warriors/615f2f3d75acfcb5420821eb5c1acc659377a7e2/wellIdont.red,683427f90c32254efc2cfa5a85ecf5296fe6e7f6437e969ca60e7070e9ca836d
278,7708.25,Shark 1.0,Nandor Sieben,github.com/n1LS/redcode-warriors,https://raw.githubusercontent.com/n1LS/redcode-warriors/615f2f3d75acfcb5420821eb5c1acc659377a7e2/shark.red,2bacc929ff36047c2d4b768d74b58ea3f092ad1bae821ae28b7ab0d970ee4e1b
279,7688.0,Sphinx v5.1,W. Mintardjo,github.com/n1LS/redcode-warriors,https://raw.githubusercontent.com/n1LS/redcode-warriors/615f2f3d75acfcb5420821eb5c1acc659377a7e2/sphinx51.red,b4194fbfaab0a7e5928d295ed605723b0c29c5ac723b6b7b0c609ca020a54ca3
280,7650.5,Le vamp,Matthieu Walraet,github.com/n1LS/redcode-warriors,https://raw.githubusercontent.com/n1LS/redcode-warriors/615f2f3d75acfcb5420821eb5c1acc659377a7e2/levamp.red,d50ce323b3cf62be3873191edec7ece27c8bd76a1b24b12f568f9bb562ea10f6
281,7605.75,Vent du mont Sharr,Pierre Dak Baillargeon,github.com/n1LS/redcode-warriors,https://raw.githubusercontent.com/n1LS/redcode-warriors/615f2f3d75acfcb5420821eb5c1acc659377a7e2/vent.red,96cb69abe8986be0193d90ccf60b3111706bc98c037ddd3c4e004b3ab437ed03
282,7564.5,Sphinx v4.7,W. Mintardjo,github.com/n1LS/redcode-warriors,https://raw.githubusercontent.com/n1LS/redcode-warriors/615f2f3d75acfcb5420821eb5c1acc659377a7e2/sphinx47.red,3cabac103e64e41b46a8c54bad675b9fe4eab5ced5344e41702346c4b1abb499
283,7447.25,Locusts 2.2,Stefan Strack,github.com/n1LS/redcode-warriors,https://raw.githubusercontent.com/n1LS/redcode-warriors/615f2f3d75acfcb5420821eb5c1acc659377a7e2/locusts22.red,8e2cfcc4dddcb683b6f797ca0cf35cd8ac749d082d9491dfd8e5edaff9afd9f1
284,7414.0,No ties allowed 2,David Moore,github.com/n1LS/redcode-warriors,https://raw.githubusercontent.com/n1LS/redcode-warriors/615f2f3d75acfcb5420821eb5c1acc659377a7e2/noties2.red,e76f6efa462a4c4d26e422ef2beecde53582c500a9d2ffee44de01f8ec509fd0
285,7411.75,Hydra,Stephen Linhart,github.com/n1LS/redcode-warriors,https://raw.githubusercontent.com/n1LS/redcode-warriors/615f2f3d75acfcb5420821eb5c1acc659377a7e2/hydra.red,a6ec9315e3f30e0f934fae0d3d0e57339175be2dbbe1e48138607263196940fb
286,7409.75,Small 2,Andy Pierce,github.com/n1LS/redcode-warriors,https://raw.githubusercontent.com/n1LS/redcode-warriors/615f2f3d75acfcb5420821eb5c1acc659377a7e2/small2.red,b600e935c7c75b551b191a9ab3cc498963ce5b620cf9758b4f5c753edbca2e6d
287,7385.0,No ties allowed,Wayne Sheppard,github.com/n1LS/redcode-warriors,https://raw.githubusercontent.com/n1LS/redcode-warriors/615f2f3d75acfcb5420821eb5c1acc659377a7e2/noties.red,4b5aed16cc1b31d70e03485c3a64a29cd4935b6ab1ace8d4d4135c266a0b62db
288,7383.5,LaterAtNight,Robert Macrae,github.com/n1LS/redcode-warriors,https://raw.githubusercontent.com/n1LS/redcode-warriors/615f2f3d75acfcb5420821eb5c1acc659377a7e2/lateratnight.red,1625ceb19d84a35b0f9a92afbd4f6bb799370139d8440dcdaf67024c29d5552e
289,7363.25,Emerald 2,P.Kline,github.com/n1LS/redcode-warriors,https://raw.githubusercontent.com/n1LS/redcode-warriors/615f2f3d75acfcb5420821eb5c1acc659377a7e2/emerald2.red,b79475c5f1239fb2d8781a772cd8b19abccf15dd892e7a9705fdc6ac1b1d2694
290,7360.5,Tungsten,John K W,github.com/n1LS/redcode-warriors,https://raw.githubusercontent.com/n1LS/redcode-warriors/615f2f3d75acfcb5420821eb5c1acc659377a7e2/tungsten.red,753db2db9170e229a601484b23f8eebaf17fddafe69c0121a0bf0ef6ffcc8946
291,7355.5,IAASMR3,Matt Hastings,github.com/n1LS/redcode-warriors,https://raw.githubusercontent.com/n1LS/redcode-warriors/615f2f3d75acfcb5420821eb5c1acc659377a7e2/iaasmr3.red,b64341bfe895e09b512fba0d279dc16e8e943fadd135e3cafdbed50cac1a742d
292,7347.75,Dwarf 4sa,Compudemon,github.com/n1LS/redcode-warriors,https://raw.githubusercontent.com/n1LS/redcode-warriors/615f2f3d75acfcb5420821eb5c1acc659377a7e2/dwarf4sa.red,0fb63c1e49bb2a85b2dad71be3e672253132fe6a58ed1d5de28409c62909c6ef
293,7336.5,Freeze-x!,Stefan Strack,github.com/n1LS/redcode-warriors,https://raw.githubusercontent.com/n1LS/redcode-warriors/615f2f3d75acfcb5420821eb5c1acc659377a7e2/freeze-x.red,ac0fd62bfd750076070da6f0386a8c1251f3c4fbfefc2c7a119c89a82abe13fb
294,7319.0,Smooth Noodle Map 6,Matt Hastings,github.com/n1LS/redcode-warriors,https://raw.githubusercontent.com/n1LS/redcode-warriors/615f2f3d75acfcb5420821eb5c1acc659377a7e2/smoothnod6.red,4bab4e4136b406a103ea96189a9399d364b401855a51d3b31cc4c84e271623f5
295,7311.25,Sphinx v2.9,W. Mintardjo,github.com/n1LS/redcode-warriors,https://raw.githubusercontent.com/n1LS/redcode-warriors/615f2f3d75acfcb5420821eb5c1acc659377a7e2/sphinx29.red,0be2b522f2c0d01e73cd5d8e4823340dfc256ec4a4f4f667c27bf1e56226c895
296,7308.25,bump,harleyQ2,github.com/n1LS/redcode-warriors,https://raw.githubusercontent.com/n1LS/redcode-warriors/615f2f3d75acfcb5420821eb5c1acc659377a7e2/bump.red,afe60eaca28d9ebd19ff15b1a3749ead96219021030fe78756a247d7124344ad
297,7279.25,worm optima 2,Campbell Fraser,github.com/n1LS/redcode-warriors,https://raw.githubusercontent.com/n1LS/redcode-warriors/615f2f3d75acfcb5420821eb5c1acc659377a7e2/wormopt2.red,a09bad1cfe4257f273bf67af785d0220c09ba268f701ed723be1547ea1e910f9
298,7272.5,Montage,Steven Morrell,github.com/n1LS/redcode-warriors,https://raw.githubusercontent.com/n1LS/redcode-warriors/615f2f3d75acfcb5420821eb5c1acc659377a7e2/montage.red,5e688a89305917855cb924f26a88b2f12c57b776bec83e2987717ead0270f057
299,7235.0,Artagel v3,Simon Hovell,github.com/n1LS/redcode-warriors,https://raw.githubusercontent.com/n1LS/redcode-warriors/615f2f3d75acfcb5420821eb5c1acc659377a7e2/artagel.red,6a2d05449e01a6ffa77cc0bd735b8737afe039dfa136cd3bd373d382616cb54e
300,7204.5,I like Fire,P._V._K.,github.com/n1LS/redcode-warriors,https://raw.githubusercontent.com/n1LS/redcode-warriors/615f2f3d75acfcb5420821eb5c1acc659377a7e2/ilikefire.red,e3f66a87b0881da3c4cd8559e560fa8c498f7326b50b20d64ff0dea051ac40dd
301,7193.5,Kobold,Stefan Strack,github.com/n1LS/redcode-warriors,https://raw.githubusercontent.com/n1LS/redcode-warriors/615f2f3d75acfcb5420821eb5c1acc659377a7e2/kobold.red,835106f6bd41ae9a617cb85c8ddf51b9a1f121e85eacb472c45d4c4f242b3ebd
302,7141.75,Slaver v1.1,Christoph C. Birk,github.com/n1LS/redcode-warriors,https://raw.githubusercontent.com/n1LS/redcode-warriors/615f2f3d75acfcb5420821eb5c1acc659377a7e2/slaver11.red,6ce219e1838d2977abf7483036c045c9453c65075898318244085ab58395680f
303,7133.5,Warf,Julius Cisek,github.com/n1LS/redcode-warriors,https://raw.githubusercontent.com/n1LS/redcode-warriors/615f2f3d75acfcb5420821eb5c1acc659377a7e2/warf.red,79cbe374bb96246982ad91535f02c0d90c0a764166afb3376329fe67d92f80ce
304,7078.25,MrNasty,K. Werle & S. Beitzel,github.com/n1LS/redcode-warriors,https://raw.githubusercontent.com/n1LS/redcode-warriors/615f2f3d75acfcb5420821eb5c1acc659377a7e2/mrnasty.red,f0899406a86bd07f548d3e22af83773b44de0aa96769355a96544ef691bce9fe
305,7072.0,Sphinx v2.8,W. Mintardjo,github.com/n1LS/redcode-warriors,https://raw.githubusercontent.com/n1LS/redcode-warriors/615f2f3d75acfcb5420821eb5c1acc659377a7e2/sphinx28.red,1a63462c22faf9c1f78ff3bb6073d96cd05f35247906c5c2c886334d2873dfa7
306,7070.75,X5 V1.3,Adam Caldwell,github.com/n1LS/redcode-warriors,https://raw.githubusercontent.com/n1LS/redcode-warriors/615f2f3d75acfcb5420821eb5c1acc659377a7e2/x5v13.red,06401a2fbce4f29d0b5528c7fe0d8ac7d9d5c75d1c8cbc99ef4f13bbddf7dc44
307,7063.0,repimp,nandor sieben,github.com/n1LS/redcode-warriors,https://raw.githubusercontent.com/n1LS/redcode-warriors/615f2f3d75acfcb5420821eb5c1acc659377a7e2/repimp.red,0c34d6dccaa6547bc4d7c762b3087d2ccbd220f82a4235daf9784157b5223960
308,7018.0,rdrc: Flam Downpour,Dave Hillis,github.com/n1LS/redcode-warriors,https://raw.githubusercontent.com/n1LS/redcode-warriors/615f2f3d75acfcb5420821eb5c1acc659377a7e2/flamdownpour.red,ee1c2eb76de20ccebd8cfdb41021929a8b2c800f8fd6a990e172081144d6e970
309,6997.5,Gisela 3G6,Andrzej Maciejczak,github.com/n1LS/redcode-warriors,https://raw.githubusercontent.com/n1LS/redcode-warriors/615f2f3d75acfcb5420821eb5c1acc659377a7e2/gisela3g6.red,84a670778dd7f55187b2adb86b5b08b21d604da90e50af18b752aa900499af43
310,6966.0,Moonstone 1,Dan Nabutovsky,github.com/n1LS/redcode-warriors,https://raw.githubusercontent.com/n1LS/redcode-warriors/615f2f3d75acfcb5420821eb5c1acc659377a7e2/moonstone.red,dee06361024ffc4a32702be17af761612593264c94b5c07c92ec3a3c2d985f6e
311,6958.5,Leech 1.2,William Shubert,github.com/n1LS/redcode-warriors,https://raw.githubusercontent.com/n1LS/redcode-warriors/615f2f3d75acfcb5420821eb5c1acc659377a7e2/leech12.red,2072313dbf3cd6114ffd8f21e3a7d93e43e480077618d54cbf87951bf6f26de1
312,6926.0,Dwarf++,A.K. Dewdney & J. Kao,github.com/n1LS/redcode-warriors,https://raw.githubusercontent.com/n1LS/redcode-warriors/615f2f3d75acfcb5420821eb5c1acc659377a7e2/dwarfpp.red,8b7330ccf9d99293e338634615a20eec8376a68af576fa84de89626efc395126
313,6901.0,Kinch,Kevin Whyte,github.com/n1LS/redcode-warriors,https://raw.githubusercontent.com/n1LS/redcode-warriors/615f2f3d75acfcb5420821eb5c1acc659377a7e2/kinch.red,240670e311b3d9a4ff8a0760dfcc121576f3dbc0a4342a398fd120fd2cccd410
314,6896.75,Emerald 4,Paul Kline,github.com/n1LS/redcode-warriors,https://raw.githubusercontent.com/n1LS/redcode-warriors/615f2f3d75acfcb5420821eb5c1acc659377a7e2/emerald4.red,36957a1c3708972e115f3360bf914dcd14d54f1bf0c2030e5735a7f32e903f2a
315,6890.5,aa,nandor sieben,github.com/n1LS/redcode-warriors,https://raw.githubusercontent.com/n1LS/redcode-warriors/615f2f3d75acfcb5420821eb5c1acc659377a7e2/aa.red,dcf9e04787efb4102e3c486829d7d9748479d5f5fa837aa972c9be13ab9c7e4f
316,6879.75,Comper-2a,Andy Pierce,github.com/n1LS/redcode-warriors,https://raw.githubusercontent.com/n1LS/redcode-warriors/615f2f3d75acfcb5420821eb5c1acc659377a7e2/comper2a.red,ac7e3c61cc6336c547989a3f105de03bf4398d357ecd0a1ebbb46aee96bacca1
317,6877.25,FlyPaper 2.0,J.Layland,github.com/n1LS/redcode-warriors,https://raw.githubusercontent.com/n1LS/redcode-warriors/615f2f3d75acfcb5420821eb5c1acc659377a7e2/flypaper2.red,f9a9910fcabf5f2e227bbc442bc350998713a978852b8f592fec95b58535105b
318,6764.0,Hit Beast,Matt Hastings,github.com/n1LS/redcode-warriors,https://raw.githubusercontent.com/n1LS/redcode-warriors/615f2f3d75acfcb5420821eb5c1acc659377a7e2/hitbeast.red,b2b3b5e8abf0077dff1aa12539915fe5e600274bde34d44853d2b19d264d85aa
319,6728.75,Hail Storm,Robert Hale,github.com/n1LS/redcode-warriors,https://raw.githubusercontent.com/n1LS/redcode-warriors/615f2f3d75acfcb5420821eb5c1acc659377a7e2/hailstorm.red,8f64d4e1b9efc65e8478abe01f6c4785872ad0e22607b118d76b3e22dceec46d
320,6706.5,Nimbus 1.2,Alex MacAulay,github.com/n1LS/redcode-warriors,https://raw.githubusercontent.com/n1LS/redcode-warriors/615f2f3d75acfcb5420821eb5c1acc659377a7e2/nimbus12.red,a32db8c9cfccd3f160890fcd10a4471d2080e49a909259fbba74b70b56a021ed
321,6657.5,BackFire 1.3c,Eric J. Schwertfeger,github.com/n1LS/redcode-warriors,https://raw.githubusercontent.com/n1LS/redcode-warriors/615f2f3d75acfcb5420821eb5c1acc659377a7e2/backfire.red,d01a30b4467a2924ed65caf21397755fc409b8c96ec0f51905ee859125088d70
322,6611.5,Twice,W. Mintardjo,github.com/n1LS/redcode-warriors,https://raw.githubusercontent.com/n1LS/redcode-warriors/615f2f3d75acfcb5420821eb5c1acc659377a7e2/twice.red,34355bec783b7237a7d15d520e3a655f38cff184d0cf540476b5026761d93642
323,6599.5,tombstone,Simon Wainwright,github.com/n1LS/redcode-warriors,https://raw.githubusercontent.com/n1LS/redcode-warriors/615f2f3d75acfcb5420821eb5c1acc659377a7e2/tombstone.red,86bdfd6943fc0d52a95f4c96de6bbbd8015eca57153a755a44f16f54a2b63e69
324,6571.0,Newscan,P.Kline,github.com/n1LS/redcode-warriors,https://raw.githubusercontent.com/n1LS/redcode-warriors/615f2f3d75acfcb5420821eb5c1acc659377a7e2/newscan.red,04dd0f64476179dfa2351a5a0f3e3c5dd4e10603e10c19a0e60eb67d61b6c825
325,6527.0,Overload 1.1,Jeff Raven,github.com/n1LS/redcode-warriors,https://raw.githubusercontent.com/n1LS/redcode-warriors/615f2f3d75acfcb5420821eb5c1acc659377a7e2/overload.red,31307dda055fb839d5cbbbf3b8ad9dca8463bd491772ec76177c9c87b7004fe7
326,6499.25,hithard,Jon Newman,github.com/n1LS/redcode-warriors,https://raw.githubusercontent.com/n1LS/redcode-warriors/615f2f3d75acfcb5420821eb5c1acc659377a7e2/hithard.red,a127238599c58ec6ef91e5b2a1a75d97cb303caa117df815912603be41a7c70d
327,6431.5,Dominatrix 1.04,Eric J. Schwertfeger,github.com/n1LS/redcode-warriors,https://raw.githubusercontent.com/n1LS/redcode-warriors/615f2f3d75acfcb5420821eb5c1acc659377a7e2/dominatrix.red,9ba54c9607549279059f992e892a3580baea4bb306779c4fa576507cb162d436
328,6426.0,StealthHunter 1.0,Eric J. Schwertfeger,github.com/n1LS/redcode-warriors,https://raw.githubusercontent.com/n1LS/redcode-warriors/615f2f3d75acfcb5420821eb5c1acc659377a7e2/stealth.red,f834aba88a764eefb80da36d758c30926c3518b590c412098b86686d8f50cbaa
329,6417.0,Plasma-Advanced,Wayne Sheppard,github.com/n1LS/redcode-warriors,https://raw.githubusercontent.com/n1LS/redcode-warriors/615f2f3d75acfcb5420821eb5c1acc659377a7e2/plasma_adv.red,51ed78047b1a7a4fa804b1a207c4c477d9a7886ebfea44b1fa211e4518176529
330,6392.75,Eratosthenes,Simon Arthur,github.com/n1LS/redcode-warriors,https://raw.githubusercontent.com/n1LS/redcode-warriors/615f2f3d75acfcb5420821eb5c1acc659377a7e2/eratos.red,7d7634e91d9bf694adbbfef7c38c59b2f0aaff74fdf0caca09fa566c92938231
331,6391.75,Droid,Andy Pierce,github.com/n1LS/redcode-warriors,https://raw.githubusercontent.com/n1LS/redcode-warriors/615f2f3d75acfcb5420821eb5c1acc659377a7e2/droid.red,7a1c6ed0f79a78dda6d3ec6715ba61af223d11445cf54654c426b4717a5a06d5
332,6390.25,FlyPaper 3.0,J.Layland,github.com/n1LS/redcode-warriors,https://raw.githubusercontent.com/n1LS/redcode-warriors/615f2f3d75acfcb5420821eb5c1acc659377a7e2/flypaper3.red,eea4b468a64c8c98d14c5f598a3d8a494ba5be5ce014c4bf6977d2f9eb482c13
333,6386.25,ULTIMA RATIO REGUM,LASZLO KISS,github.com/n1LS/redcode-warriors,https://raw.githubusercontent.com/n1LS/redcode-warriors/615f2f3d75acfcb5420821eb5c1acc659377a7e2/ultima.red,b35f6907547f9961bd46c62671310eaef856f9b308f9d82cf9fb167601139d03
334,6363.75,Cleaner,Pen,github.com/n1LS/redcode-warriors,https://raw.githubusercontent.com/n1LS/redcode-warriors/615f2f3d75acfcb5420821eb5c1acc659377a7e2/cleaner.red,78f889ace811efe67e85ef7684b8577a5eecb8e455bd2ebec61480d424dc1067
335,6361.75,TRAPPER,FRED B. WADE,github.com/n1LS/redcode-warriors,https://raw.githubusercontent.com/n1LS/redcode-warriors/615f2f3d75acfcb5420821eb5c1acc659377a7e2/trapper.red,a7e492f3e395b5d6df31e70c8a2ad164f790edd4831f3a6da95919e0ea5f72af
336,6341.0,Lobot,Stefan Strack,github.com/n1LS/redcode-warriors,https://raw.githubusercontent.com/n1LS/redcode-warriors/615f2f3d75acfcb5420821eb5c1acc659377a7e2/lobot.red,e3a8be00f5b46c2ce854c39ac2a21f5cbb8c746a07dcfcf51a5556bdd1221b19
337,6308.0,Leech 1.3,William Shubert,github.com/n1LS/redcode-warriors,https://raw.githubusercontent.com/n1LS/redcode-warriors/615f2f3d75acfcb5420821eb5c1acc659377a7e2/leech13.red,33b756c1e8af07623440d500512639f12ab10061ff5f49125099588b9fbd464a
338,6286.25,Immobilizer,Bram Cohen,github.com/n1LS/redcode-warriors,https://raw.githubusercontent.com/n1LS/redcode-warriors/615f2f3d75acfcb5420821eb5c1acc659377a7e2/immobilizer.red,0d772275054577d4d0bd33966cd4e0e9645b60b437b01f930c613ec57306d849
339,6281.75,Match Stick,c w blue,github.com/n1LS/redcode-warriors,https://raw.githubusercontent.com/n1LS/redcode-warriors/615f2f3d75acfcb5420821eb5c1acc659377a7e2/matchstick.red,1f2d94844eba5163cf6478cea1f03101edc7dd6e7bceadb294808e49802c205a
340,6241.0,stone88,David Moore,github.com/n1LS/redcode-warriors,https://raw.githubusercontent.com/n1LS/redcode-warriors/615f2f3d75acfcb5420821eb5c1acc659377a7e2/stone88.red,182c620311afd957a99507bf36601d5fb77d1058be0cd109f4a5b798769df572
341,6200.5,ExtraExtra 2,P.Kline,github.com/n1LS/redcode-warriors,https://raw.githubusercontent.com/n1LS/redcode-warriors/615f2f3d75acfcb5420821eb5c1acc659377a7e2/extra2.red,4a4cb1f3bb521c9f313417ad2be74bc27b3a4933e81ae6826e504b5730aa43c2
342,6195.75,cunning mushroom,bjoern guenzel,github.com/n1LS/redcode-warriors,https://raw.githubusercontent.com/n1LS/redcode-warriors/615f2f3d75acfcb5420821eb5c1acc659377a7e2/cunningm.red,e2016f780da72e548bf44af3bb44461676dd4c52b6d1d8231936465586a33fc6
343,6131.75,Macro Paper,J.Layland,github.com/n1LS/redcode-warriors,https://raw.githubusercontent.com/n1LS/redcode-warriors/615f2f3d75acfcb5420821eb5c1acc659377a7e2/macropaper.red,78a24bd518e88a360895a8cb45894b9e28ca094b271a9b349b48199ee52edbcd
344,6127.0,HeremPaper v0.9,Anders Ivner,github.com/n1LS/redcode-warriors,https://raw.githubusercontent.com/n1LS/redcode-warriors/615f2f3d75acfcb5420821eb5c1acc659377a7e2/herempaper.red,9d765ba327b289bbf8a679f3f5113b28ea4efa849e3bed934460dcfc884ed806
345,6124.75,st,Lukasz Grabun,github.com/n1LS/redcode-warriors,https://raw.githubusercontent.com/n1LS/redcode-warriors/615f2f3d75acfcb5420821eb5c1acc659377a7e2/st.red,984ced3c322eebe216713f9dc9a4ca4f71d99342addb895c15512ce5409e444e
346,6087.25,Imperor III,,github.com/n1LS/redcode-warriors,https://raw.githubusercontent.com/n1LS/redcode-warriors/615f2f3d75acfcb5420821eb5c1acc659377a7e2/imperor3.red,13e590a149d50da03f6e5f308158d9ce24d20c767fd5bce51a1bb3decc1c6eab
347,6060.5,Flash Paper3.7,Matt Hastings,github.com/n1LS/redcode-warriors,https://raw.githubusercontent.com/n1LS/redcode-warriors/615f2f3d75acfcb5420821eb5c1acc659377a7e2/flashpaper.red,ad965bf840c3f3849abc18adc89d58f3fe51209e43ae3f7b9a9cb48452374fe9
348,6060.5,Flash Paper3.7,Matt Hastings,pMARS 0.9.2 distribution (GPL-2.0),https://raw.githubusercontent.com/mbarbon/pMARS/e7e8d08c2be43a2fe84c49516b8f50553d3126bc/warriors/flashpaper.red,ad965bf840c3f3849abc18adc89d58f3fe51209e43ae3f7b9a9cb48452374fe9
349,6053.5,BANZAI TOO,Kenneth D. Miller III,github.com/n1LS/redcode-warriors,https://raw.githubusercontent.com/n1LS/redcode-warriors/615f2f3d75acfcb5420821eb5c1acc659377a7e2/banzai2.red,0cf09fe994695361ff922833682788b88e775cfabab5865cf4cfd692cacb40b3
350,6043.0,Proteus,Matthew Hastings,github.com/n1LS/redcode-warriors,https://raw.githubusercontent.com/n1LS/redcode-warriors/615f2f3d75acfcb5420821eb5c1acc659377a7e2/proteus.red,409dda04f3aa807a3371071edad1ddef46741f1338d7a07e260c85a03c70b73a
351,6014.0,Terminator716,Aleksey A. Baulin,github.com/n1LS/redcode-warriors,https://raw.githubusercontent.com/n1LS/redcode-warriors/615f2f3d75acfcb5420821eb5c1acc659377a7e2/terminator.red,bf4f29ffc25863c3e7fae6775eb9ca26175eed2d1e1a844a23ac43adf320113d
352,5993.75,villam,nandor sieben,github.com/n1LS/redcode-warriors,https://raw.githubusercontent.com/n1LS/redcode-warriors/615f2f3d75acfcb5420821eb5c1acc659377a7e2/villam.red,b4ba978687c0fa4fcde1b3446593d42990d84b04605635f0d789ee7508b67a21
353,5983.75,TheRat B,Arne H. Juul,github.com/n1LS/redcode-warriors,https://raw.githubusercontent.com/n1LS/redcode-warriors/615f2f3d75acfcb5420821eb5c1acc659377a7e2/theratb.red,ebfac7a3dbd930cfdb600284364e0401867065423a66771a01ce07ae9d99e53d
354,5958.25,Silver Talon '88,Ben Ford,github.com/n1LS/redcode-warriors,https://raw.githubusercontent.com/n1LS/redcode-warriors/615f2f3d75acfcb5420821eb5c1acc659377a7e2/silvertalon88.red,07e64e1a8fbe945a9e4293a37566a3ba88ce2f6bad3bd4d5332b54f9f564582c
355,5952.25,Phew,Simon Duff,github.com/n1LS/redcode-warriors,https://raw.githubusercontent.com/n1LS/redcode-warriors/615f2f3d75acfcb5420821eb5c1acc659377a7e2/phew.red,9db9cea5e4ea93aca94f1f38b6d6b83327a4bb60cceff16cf4e8ce70675e67f2
356,5934.0,Eclipse II,P.Kline,github.com/n1LS/redcode-warriors,https://raw.githubusercontent.com/n1LS/redcode-warriors/615f2f3d75acfcb5420821eb5c1acc659377a7e2/eclipseII.red,70de1b1c0e4a1b6bddeedca954603f9db66846c6cb0f7f995d4b4d7c99a2843c
357,5919.25,Paradox,Mike Nonemacher,github.com/n1LS/redcode-warriors,https://raw.githubusercontent.com/n1LS/redcode-warriors/615f2f3d75acfcb5420821eb5c1acc659377a7e2/paradox.red,9e00e089ac41efe8b3914ec1df9a42b730a316a76cf16c41c1d4d38a569a79b5
358,5915.25,ChainGang 1.1,Eric J. Schwertfeger,github.com/n1LS/redcode-warriors,https://raw.githubusercontent.com/n1LS/redcode-warriors/615f2f3d75acfcb5420821eb5c1acc659377a7e2/chaingang.red,fa824f84d224fd585dc10e95b16a8feba6204cf5cc9311b5321e091a45ee6a2c
359,5913.25,Mutagen 2.1,Stefan Strack,github.com/n1LS/redcode-warriors,https://raw.githubusercontent.com/n1LS/redcode-warriors/615f2f3d75acfcb5420821eb5c1acc659377a7e2/mutagen21.red,13aa835485f8550505ea302e4403032b13c585779d592b5216eaa6a10fd581a0
360,5912.75,W2,Douglas McDaniels,github.com/n1LS/redcode-warriors,https://raw.githubusercontent.com/n1LS/redcode-warriors/615f2f3d75acfcb5420821eb5c1acc659377a7e2/w2.red,a12f790f96bf8950ad6e693bdf06b1f62453059d403489b05f91b865f65d8b9f
361,5884.5,X5 V1.4,Adam Caldwell,github.com/n1LS/redcode-warriors,https://raw.githubusercontent.com/n1LS/redcode-warriors/615f2f3d75acfcb5420821eb5c1acc659377a7e2/x5v14.red,0da4aa0ab45f72493beda5861a49eb97b0b7c92914996eee8ee430e7d77d9197
362,5777.75,s4b,D. Darling,github.com/n1LS/redcode-warriors,https://raw.githubusercontent.com/n1LS/redcode-warriors/615f2f3d75acfcb5420821eb5c1acc659377a7e2/s4b.red,853cd5159e2a0f6cf4402acdcd218eae69113a0af9c760414c2585e6af01edb8
363,5769.5,Genocide,Mike Nonemacher,github.com/n1LS/redcode-warriors,https://raw.githubusercontent.com/n1LS/redcode-warriors/615f2f3d75acfcb5420821eb5c1acc659377a7e2/genocide.red,2404bf268378e754a8da15b5bcb6d1056c7d252bf19c48ddbff0b9546325d99f
364,5755.75,DoubleStone v0.6,Christoph C. Birk,github.com/n1LS/redcode-warriors,https://raw.githubusercontent.com/n1LS/redcode-warriors/615f2f3d75acfcb5420821eb5c1acc659377a7e2/doublestone06.red,f6a888db60270638ee0846e2e1a2764d6afd565006d4c514ead509b80ae61e87
365,5750.25,Nightfall,David Moore,github.com/n1LS/redcode-warriors,https://raw.githubusercontent.com/n1LS/redcode-warriors/615f2f3d75acfcb5420821eb5c1acc659377a7e2/nightfall.red,1e14f2cc82f2e4d8bb3875704f277abdd98449e18920190609bd3a45a3d57e08
366,5741.5,bump.v2,harleyQ2,github.com/n1LS/redcode-warriors,https://raw.githubusercontent.com/n1LS/redcode-warriors/615f2f3d75acfcb5420821eb5c1acc659377a7e2/bump2.red,c46c74d2d0bedc57fe54c7fe61ddb86c1694cfa966b3f5232f6c2ef1bd0bcd60
367,5698.25,Curse,Doug Ratcliffe Jr.,github.com/n1LS/redcode-warriors,https://raw.githubusercontent.com/n1LS/redcode-warriors/615f2f3d75acfcb5420821eb5c1acc659377a7e2/curse.red,c988fdff05234ed5c6f24cbde3c6841ec6c2b69bc0a2d8cf4db913a661b869f8
368,5666.0,V3,Aleksey A. Baulin,github.com/n1LS/redcode-warriors,https://raw.githubusercontent.com/n1LS/redcode-warriors/615f2f3d75acfcb5420821eb5c1acc659377a7e2/v3.red,bd563b4d027223f5cd1a022320f66f83a98bc1894cd02dbb383e0f9a4264d395
369,5661.5,Earnest,P.Kline,github.com/n1LS/redcode-warriors,https://raw.githubusercontent.com/n1LS/redcode-warriors/615f2f3d75acfcb5420821eb5c1acc659377a7e2/earnest.red,277465c1405c0a34cc774f639bac27b57c4f97e1db5994500440f388affda5df
370,5619.0,QuickFreeze v1.5,P.Kline,github.com/n1LS/redcode-warriors,https://raw.githubusercontent.com/n1LS/redcode-warriors/615f2f3d75acfcb5420821eb5c1acc659377a7e2/quickfreeze15.red,1c31e87ee6cbc44ad1aeaae478afa84e02c8eb20f4b240b62604c9cdf7d13a63
371,5614.5,ExtraExtra,P.Kline,github.com/n1LS/redcode-warriors,https://raw.githubusercontent.com/n1LS/redcode-warriors/615f2f3d75acfcb5420821eb5c1acc659377a7e2/extra.red,35cf01b5a69b659a6c0685a642e825a2c3f753ad0f1d77860eaf312a8ac97132
372,5565.25,SUD,Giovanni Ciraulo,github.com/n1LS/redcode-warriors,https://raw.githubusercontent.com/n1LS/redcode-warriors/615f2f3d75acfcb5420821eb5c1acc659377a7e2/sud.red,6ad1649123d7f78c10e29af5759160b7ed10c5615b941f3f1e9e5e6f8be9b64a
373,5551.5,Stamped paper,Dan Nabutovsky,github.com/n1LS/redcode-warriors,https://raw.githubusercontent.com/n1LS/redcode-warriors/615f2f3d75acfcb5420821eb5c1acc659377a7e2/stamped.red,2e8c05dd45df4c6001f32cf4765690b1a33314f04ae4069a4e7879d79a167c21
374,5498.75,Emerald 5,P.Kline,github.com/n1LS/redcode-warriors,https://raw.githubusercontent.com/n1LS/redcode-warriors/615f2f3d75acfcb5420821eb5c1acc659377a7e2/emerald5.red,9fa6133ba297d9213e247929333a2cf2b393d9c9c50dedb1dfa87a5e4b1ef3ec
375,5461.0,UZI warrior 2,Maz Spork,github.com/n1LS/redcode-warriors,https://raw.githubusercontent.com/n1LS/redcode-warriors/615f2f3d75acfcb5420821eb5c1acc659377a7e2/uzi2.red,6cf83a725abd577c66dbe8b555f1f0b50cc7b6b90eb6f531385009f54d6129ae
376,5458.5,sleepless 1.2,,github.com/n1LS/redcode-warriors,https://raw.githubusercontent.com/n1LS/redcode-warriors/615f2f3d75acfcb5420821eb5c1acc659377a7e2/sleepless.red,1b42a95747a67552d57c973c189703b080ec5f417a28f00928651f81bdba9451
377,5449.25,Pergament,Dan Nabutovsky,github.com/n1LS/redcode-warriors,https://raw.githubusercontent.com/n1LS/redcode-warriors/615f2f3d75acfcb5420821eb5c1acc659377a7e2/pergament.red,308da4fc55285a9d7039dd0bf41b66f00e4c331330467eb80d7f62bb4bd22a9e
378,5439.0,Dum-Dum,Pierre Baillargeon,github.com/n1LS/redcode-warriors,https://raw.githubusercontent.com/n1LS/redcode-warriors/615f2f3d75acfcb5420821eb5c1acc659377a7e2/dumdum.red,05c4d610090285faa2f05be85d09144ee9f0584a15f2787eb83fc728ad0ed758
379,5389.25,nIMPy v.0.92.8b,W. Henchy,github.com/n1LS/redcode-warriors,https://raw.githubusercontent.com/n1LS/redcode-warriors/615f2f3d75acfcb5420821eb5c1acc659377a7e2/nimpy0928b.red,816bc6e67d6c51d6583581865bb4dd691357746121d1694f0ca6e2efa9ac0bcd
380,5384.0,Eclipse,P.Kline,github.com/n1LS/redcode-warriors,https://raw.githubusercontent.com/n1LS/redcode-warriors/615f2f3d75acfcb5420821eb5c1acc659377a7e2/eclipse.red,6c2d161cacb4990deb9118c7e99be7e19f597b46d1a50aac834f9bcfad37ce4a
381,5365.25,MEPHISTO,Marco Pontello,github.com/n1LS/redcode-warriors,https://raw.githubusercontent.com/n1LS/redcode-warriors/615f2f3d75acfcb5420821eb5c1acc659377a7e2/mephisto.red,d1a76dd67e7202ced79d8735295c831ac6f1ad730108bac20dc832e2eb0ba1a4
382,5358.0,To Live Is To Die 3.5,Jarkko Lindblad,github.com/n1LS/redcode-warriors,https://raw.githubusercontent.com/n1LS/redcode-warriors/615f2f3d75acfcb5420821eb5c1acc659377a7e2/tolive.red,99669f6036a59d49a49c8710157a65092f4d581518d30e7bf0e8e52ccd40be2c
383,5318.75,EngineNumber9,Kline,github.com/n1LS/redcode-warriors,https://raw.githubusercontent.com/n1LS/redcode-warriors/615f2f3d75acfcb5420821eb5c1acc659377a7e2/engine9.red,1951919bfc640af94141429c950faba1f6cfb1e7c9eef7a3b68f98bcb85006d6
384,5315.75,Bubble-scrape,Joshua Houk,github.com/n1LS/redcode-warriors,https://raw.githubusercontent.com/n1LS/redcode-warriors/615f2f3d75acfcb5420821eb5c1acc659377a7e2/bubbles.red,59122da06e2b1e02dbace48bd011cc07a166074416abe6ec9d83ba29c300a410
385,5303.75,Molrat A.K.A paper,Scott Nelson,github.com/n1LS/redcode-warriors,https://raw.githubusercontent.com/n1LS/redcode-warriors/615f2f3d75acfcb5420821eb5c1acc659377a7e2/molerat.red,5bf5924dde1de99f92ace9457b88dc513cbd9feb4acf4e84e0b382d08fb320c9
386,5303.75,CLONER II,Kenneth D. Miller,github.com/n1LS/redcode-warriors,https://raw.githubusercontent.com/n1LS/redcode-warriors/615f2f3d75acfcb5420821eb5c1acc659377a7e2/cloner2.red,6b043705bdc7a6eda71b3732d9e32f9733f26094863f29076731ca904a06be61
387,5295.25,Shoot from the hip,WolfWings,github.com/n1LS/redcode-warriors,https://raw.githubusercontent.com/n1LS/redcode-warriors/615f2f3d75acfcb5420821eb5c1acc659377a7e2/shootfromhip.red,2097b26772578d4888262268791f179f26b943f582cfe3a0661c00199038c218
388,5262.75,Dracula II,Jonas Hartwig,github.com/n1LS/redcode-warriors,https://raw.githubusercontent.com/n1LS/redcode-warriors/615f2f3d75acfcb5420821eb5c1acc659377a7e2/draculaII.red,84e7e060a1319b2ba881c4eca353e878dfd1ebad6670c3fbecfef0cead5b94a2
389,5231.75,Note Paper,Scott Nelson,github.com/n1LS/redcode-warriors,https://raw.githubusercontent.com/n1LS/redcode-warriors/615f2f3d75acfcb5420821eb5c1acc659377a7e2/notepaper.red,9dc5087007ddbf98ce405951877b31be426bae8c7b34baa79a84f14c14d9a706
390,5222.75,DoubleStone v0.7,Christoph C. Birk,github.com/n1LS/redcode-warriors,https://raw.githubusercontent.com/n1LS/redcode-warriors/615f2f3d75acfcb5420821eb5c1acc659377a7e2/doublestone07.red,e76e56e3a09c02f3032f61e158aca7b45c11f418cd60fbcf5e04b5ef2feee856
391,5213.0,Pebbles v1.2,Christoph C. Birk,github.com/n1LS/redcode-warriors,https://raw.githubusercontent.com/n1LS/redcode-warriors/615f2f3d75acfcb5420821eb5c1acc659377a7e2/pebbles12.red,5b35dd6df21138a31f0f07dc9987d3ba4aef51500cc16f7728749181f41d22ea
392,5146.25,Gambit,J.Cisek,github.com/n1LS/redcode-warriors,https://raw.githubusercontent.com/n1LS/redcode-warriors/615f2f3d75acfcb5420821eb5c1acc659377a7e2/gambit.red,6b9866d20707ef56e53d7f9c8de0bb91d9ef2dbd64bc8a32564111c4b1e76bd4
393,5128.75,Scoop v2.3,Matthew K. Gray,github.com/n1LS/redcode-warriors,https://raw.githubusercontent.com/n1LS/redcode-warriors/615f2f3d75acfcb5420821eb5c1acc659377a7e2/scoop23.red,54a659329d56641dd2c585f7397c2eb3074a17e9d4ccae8b9bd0f629c704338c
394,5126.5,csapda,nandor sieben,github.com/n1LS/redcode-warriors,https://raw.githubusercontent.com/n1LS/redcode-warriors/615f2f3d75acfcb5420821eb5c1acc659377a7e2/csapda.red,792abe5f347dda1dfebaccb7c573b02f9cc6903a8b52f90728f82ec70659c2ee
395,5083.0,Gamma Paper 3.0,W. Mintardjo,github.com/n1LS/redcode-warriors,https://raw.githubusercontent.com/n1LS/redcode-warriors/615f2f3d75acfcb5420821eb5c1acc659377a7e2/gammapaper.red,f7cddd2df9b8a4b6ee267c94b23555738d1e3b0d97559dfe2d0088ff717ebeca
396,5077.5,Bynars,Pierre Baillargeon,github.com/n1LS/redcode-warriors,https://raw.githubusercontent.com/n1LS/redcode-warriors/615f2f3d75acfcb5420821eb5c1acc659377a7e2/bynars.red,cd6f366852041faceb73d789c8b125fd092162da6bbfcffc7bd16dec58eab06d
397,5076.25,Wipe 5,,github.com/n1LS/redcode-warriors,https://raw.githubusercontent.com/n1LS/redcode-warriors/615f2f3d75acfcb5420821eb5c1acc659377a7e2/wipe5.red,bab665a38fa38294e043915e7cf058351fa633349e4ef626d87fe8ec0ef0aada
398,5072.5,DWOMP,MARK A. DURHAM,github.com/n1LS/redcode-warriors,https://raw.githubusercontent.com/n1LS/redcode-warriors/615f2f3d75acfcb5420821eb5c1acc659377a7e2/dwomp.red,13960a8925c2022adc14f8343eb210ac27bf4f8253657ec1c56f61b8898df58b
399,5072.0,Ivy3.4,Damon Gallaty,github.com/n1LS/redcode-warriors,https://raw.githubusercontent.com/n1LS/redcode-warriors/615f2f3d75acfcb5420821eb5c1acc659377a7e2/ivy.red,bd968e9255356e68d32fc9fc01abb64892bfebd6b2e297a565bece7159a3cf50
400,5064.0,Piesack,Skaldrom Y. Sarg,github.com/n1LS/redcode-warriors,https://raw.githubusercontent.com/n1LS/redcode-warriors/615f2f3d75acfcb5420821eb5c1acc659377a7e2/piesack.red,28662cf8590bb52bab41108d984f535dedbedfd29669384201ba253d3e990f0b
401,5042.75,Fortress 1.1,Malcolm Ryan,github.com/n1LS/redcode-warriors,https://raw.githubusercontent.com/n1LS/redcode-warriors/615f2f3d75acfcb5420821eb5c1acc659377a7e2/fortress.red,edecd14a609786645e93bef03ccfd2a6ea5ab9f0edd457d59a1907f7783fa2e1
402,4999.25,MUTAGEN /PAR,Stefan Strack,github.com/n1LS/redcode-warriors,https://raw.githubusercontent.com/n1LS/redcode-warriors/615f2f3d75acfcb5420821eb5c1acc659377a7e2/mutagenpar.red,a04f9ce1bc86ba41baa10ddda1cb3353a225cba19766eac5bc0f03782da0dcab
403,4997.5,Seed,,github.com/n1LS/redcode-warriors,https://raw.githubusercontent.com/n1LS/redcode-warriors/615f2f3d75acfcb5420821eb5c1acc659377a7e2/seed.red,1a2e11f9b05bf63367317aa34da3ed8878f5917f02f3c62f3ea91bb5f02d1d4b
404,4960.25,Drone 1.1,Stefan Strack,github.com/n1LS/redcode-warriors,https://raw.githubusercontent.com/n1LS/redcode-warriors/615f2f3d75acfcb5420821eb5c1acc659377a7e2/drone.red,9df06857f5a7aa1b4bb0556cf2856d5430bb3964a270d3b757cb2642d8046693
405,4938.5,loserman!!!,WFB,github.com/n1LS/redcode-warriors,https://raw.githubusercontent.com/n1LS/redcode-warriors/615f2f3d75acfcb5420821eb5c1acc659377a7e2/loserman.red,3e0bb04b51e4ac60c8c54149800bb8660c7e6f3a3fd3215f5a30de88678502d8
406,4936.0,Cleaver,Wayne Sheppard,github.com/n1LS/redcode-warriors,https://raw.githubusercontent.com/n1LS/redcode-warriors/615f2f3d75acfcb5420821eb5c1acc659377a7e2/cleaver.red,3a06e315b4eadbde71f1f1a053bf1c42165431aeaa899916944f245322ddae92
407,4933.5,Nerx-A9,Arek Paterek,github.com/n1LS/redcode-warriors,https://raw.githubusercontent.com/n1LS/redcode-warriors/615f2f3d75acfcb5420821eb5c1acc659377a7e2/nerxa9.red,c520d7698d4bd72a51945bf23a70876a0125c49a25d8222a17747e258fc1eaf1
408,4924.0,Andromeda Strain v0.5,Sean Gallaty,github.com/n1LS/redcode-warriors,https://raw.githubusercontent.com/n1LS/redcode-warriors/615f2f3d75acfcb5420821eb5c1acc659377a7e2/andromeda.red,10a63f000d7259e5d01b6a62894ff34f63fef4b366f4674ddf618ab045e3c9f4
409,4908.25,B2,S.C. Carlson,github.com/n1LS/redcode-warriors,https://raw.githubusercontent.com/n1LS/redcode-warriors/615f2f3d75acfcb5420821eb5c1acc659377a7e2/b2.red,694db35135ee0bda29ced373795f425eb55c1349fd2ee592fab5e6a3d8fc9cab
410,4870.75,Double-Vision,WFB,github.com/n1LS/redcode-warriors,https://raw.githubusercontent.com/n1LS/redcode-warriors/615f2f3d75acfcb5420821eb5c1acc659377a7e2/doublevision.red,b45d1d062430def560fa361f68e65fba287ae62d440313d5aa2944a6daac8263
411,4862.75,Mutagen,Stefan Strack,github.com/n1LS/redcode-warriors,https://raw.githubusercontent.com/n1LS/redcode-warriors/615f2f3d75acfcb5420821eb5c1acc659377a7e2/mutagen.red,0bf607cfb9bdcdc564df0efd0ad1b1a6977ea2435b138886b91cc16728711aa1
412,4858.25,The Little Screw,Kenneth D. Miller,github.com/n1LS/redcode-warriors,https://raw.githubusercontent.com/n1LS/redcode-warriors/615f2f3d75acfcb5420821eb5c1acc659377a7e2/littlescrew.red,45821a1acb9a34acc582066666d4982e87eb39645ba27b1f8f0c7ecd8a9525ba
413,4808.0,Wars v4.0,Lars Riemer,github.com/n1LS/redcode-warriors,https://raw.githubusercontent.com/n1LS/redcode-warriors/615f2f3d75acfcb5420821eb5c1acc659377a7e2/wars4.red,ae492852d4e96034b3adbce79198fd0be10da43e343bfadbbb88506927ae42cf
414,4778.5,Rex,Franz,github.com/n1LS/redcode-warriors,https://raw.githubusercontent.com/n1LS/redcode-warriors/615f2f3d75acfcb5420821eb5c1acc659377a7e2/rex.red,c44eb010fb30a6605cd39fd585c9b2cb77056f962e81aedacd84d9896438699d
415,4775.75,Split-pit,David Boozer,github.com/n1LS/redcode-warriors,https://raw.githubusercontent.com/n1LS/redcode-warriors/615f2f3d75acfcb5420821eb5c1acc659377a7e2/splitpit.red,92606a33edb97e4491ff5b7232d4898f632fd6c3d15c90b888124c5d423528b0
416,4763.75,vampiric rat,Jon Newman,github.com/n1LS/redcode-warriors,https://raw.githubusercontent.com/n1LS/redcode-warriors/615f2f3d75acfcb5420821eb5c1acc659377a7e2/rat.red,f3987bef832d2a1fa8d676ba3dce0c1e540e0578c06a96d498fe94e95241e3b4
417,4742.5,Pesticide,Stefan Strack,github.com/n1LS/redcode-warriors,https://raw.githubusercontent.com/n1LS/redcode-warriors/615f2f3d75acfcb5420821eb5c1acc659377a7e2/pesticide.red,5bf81e257fa9dd5a2955654970146cbad8701d3187536ae90340f713c6ef1016
418,4671.75,Bullwhip 1.0,Ray Cromwell,github.com/n1LS/redcode-warriors,https://raw.githubusercontent.com/n1LS/redcode-warriors/615f2f3d75acfcb5420821eb5c1acc659377a7e2/bullwhip.red,9d13b290d4df036bbce5a916c840025bd18c8e99374143d7a3b7d43f4b5edb1a
419,4630.5,Nerx-A16,Arek Paterek,github.com/n1LS/redcode-warriors,https://raw.githubusercontent.com/n1LS/redcode-warriors/615f2f3d75acfcb5420821eb5c1acc659377a7e2/nerxa16.red,41648a9bbdf5890f29c8d2761f18e43e6a5f1c4d9c3b7efd5be6d5b32b1feae8
420,4599.25,XDwarfer,Adam Caldwell,github.com/n1LS/redcode-warriors,https://raw.githubusercontent.com/n1LS/redcode-warriors/615f2f3d75acfcb5420821eb5c1acc659377a7e2/xdwarfer.red,b5746f3f15c2f8203df4f2a77b351b393c42888682d4e0372a9ccc160e3e57b8
421,4599.0,slowdown1,Mike Bleyer,github.com/n1LS/redcode-warriors,https://raw.githubusercontent.com/n1LS/redcode-warriors/615f2f3d75acfcb5420821eb5c1acc659377a7e2/slowdown.red,797628f14309cb4a9fb7baf9512e34a9143e8b250286553c50ae7b0642a08b35
422,4591.0,dodgem6,Steve Newman,github.com/n1LS/redcode-warriors,https://raw.githubusercontent.com/n1LS/redcode-warriors/615f2f3d75acfcb5420821eb5c1acc659377a7e2/dodgem6.red,adc74c8918f8fef17d297c27d4edb4e1230fafabcfac26f38f787b3beb61b942
423,4580.5,asian flu 1.2,Simon Hovell,github.com/n1LS/redcode-warriors,https://raw.githubusercontent.com/n1LS/redcode-warriors/615f2f3d75acfcb5420821eb5c1acc659377a7e2/asianflu.red,6f355d197d5b20befc356fc1c81ca4b42257194b733f22d946f3d11777e8d523
424,4566.5,Hard-rock v.7,Mark Ratzburg,github.com/n1LS/redcode-warriors,https://raw.githubusercontent.com/n1LS/redcode-warriors/615f2f3d75acfcb5420821eb5c1acc659377a7e2/hardrock.red,002c1e8ab96f7ec8601732fee37606413b2b7f097435212b1d176e597c5d1ffd
425,4564.75,Bacteria,Scott Adkins,github.com/n1LS/redcode-warriors,https://raw.githubusercontent.com/n1LS/redcode-warriors/615f2f3d75acfcb5420821eb5c1acc659377a7e2/bacteria.red,544d3b3ad31dd190a372a9948fc446769df50e785f056a349b06f68effa6f9ca
426,4561.75,Dwarfer II,Scott Adkins,github.com/n1LS/redcode-warriors,https://raw.githubusercontent.com/n1LS/redcode-warriors/615f2f3d75acfcb5420821eb5c1acc659377a7e2/dwarfer2.red,a3fbfaf4827e157c8ed6291012c9ed0a41669a6eef23d2ac92a936640d3d255c
427,4559.75,Amoeba,Nathan McKenzie,github.com/n1LS/redcode-warriors,https://raw.githubusercontent.com/n1LS/redcode-warriors/615f2f3d75acfcb5420821eb5c1acc659377a7e2/amoeba.red,c5ee5535c2f543440d22b4f7ca916ffa65fe9fcda1fad31e8280cc7567fb67ce
428,4552.5,Dwarfer,Scott Adkins,github.com/n1LS/redcode-warriors,https://raw.githubusercontent.com/n1LS/redcode-warriors/615f2f3d75acfcb5420821eb5c1acc659377a7e2/dwarfer.red,245c995469bef7e4e32fd0711e29d6bb24a7eb197cd6484b42da857a563c0bfa
429,4551.5,CHAOS,Kenneth D. Miller III,github.com/n1LS/redcode-warriors,https://raw.githubusercontent.com/n1LS/redcode-warriors/615f2f3d75acfcb5420821eb5c1acc659377a7e2/chaos.red,fe09fa2080ad9463c63bddc873c319d31d150e72c37e8ce0115200659fd4613e
430,4526.25,Roll v1.0,Peter Olcott,github.com/n1LS/redcode-warriors,https://raw.githubusercontent.com/n1LS/redcode-warriors/615f2f3d75acfcb5420821eb5c1acc659377a7e2/roll.red,951ce377b659c5fc9a97f8f6036324b64f30210bf0a3893f5666e356c64a9d9e
431,4504.25,glass replicant,Pi Qan,github.com/n1LS/redcode-warriors,https://raw.githubusercontent.com/n1LS/redcode-warriors/615f2f3d75acfcb5420821eb5c1acc659377a7e2/glassrep.red,2c728294389bb7bfadaff71c6d73574b34b2ddaf4aac5fa4cad92d9fd5a97b95
432,4432.0,Crazy Jane,Simon Arthur,github.com/n1LS/redcode-warriors,https://raw.githubusercontent.com/n1LS/redcode-warriors/615f2f3d75acfcb5420821eb5c1acc659377a7e2/crazyjane.red,5b5d202e47f3e9f09ef1045102a5099ebaa12c8ac4ecd54f2648848d40368f98
433,4430.5,Maya v1.6,Christoph C. Birk,github.com/n1LS/redcode-warriors,https://raw.githubusercontent.com/n1LS/redcode-warriors/615f2f3d75acfcb5420821eb5c1acc659377a7e2/maya16.red,2d622feae6d4a9958d1a416ecc2aa6673289649a0d1fcf3fff73abe25c399511
434,4400.5,Death,Mark A. Durham,github.com/n1LS/redcode-warriors,https://raw.githubusercontent.com/n1LS/redcode-warriors/615f2f3d75acfcb5420821eb5c1acc659377a7e2/death.red,6b436c4355b0837852299dbcac89796edc0dadec91bf92c343517931ee190d48
435,4399.25,OGRE mark 2,John K. Lewis,github.com/n1LS/redcode-warriors,https://raw.githubusercontent.com/n1LS/redcode-warriors/615f2f3d75acfcb5420821eb5c1acc659377a7e2/ogremark2.red,a9242b0bdcd223fed129ef074bdf2cbada9b3746c8336a860e8ecdf33e773b16
436,4396.0,Sucker,Stefan Strack,github.com/n1LS/redcode-warriors,https://raw.githubusercontent.com/n1LS/redcode-warriors/615f2f3d75acfcb5420821eb5c1acc659377a7e2/sucker.red,68edea1b47ab8b47d3991ef4826b0acd4fbd155a5cdef4fcb8a98b3e4b8a19c3
437,4384.0,DIME,Stefan Haenssgen,github.com/n1LS/redcode-warriors,https://raw.githubusercontent.com/n1LS/redcode-warriors/615f2f3d75acfcb5420821eb5c1acc659377a7e2/dime.red,cfbbfa468589143c9c99cbed92829fa00520a4f2aa588b945b1aade77e5b3ddc
438,4368.5,Road Hammer 0.3,Simon Hovell,github.com/n1LS/redcode-warriors,https://raw.githubusercontent.com/n1LS/redcode-warriors/615f2f3d75acfcb5420821eb5c1acc659377a7e2/roadhammer.red,068bd0614fc252aa847b7c177267d9acac2c06dbcca38c77d859b39aa48484ab
439,4359.25,The IMPire strikes back,Anders Ivner,github.com/n1LS/redcode-warriors,https://raw.githubusercontent.com/n1LS/redcode-warriors/615f2f3d75acfcb5420821eb5c1acc659377a7e2/impire.red,04d143cefd4869692aa5cf98377f7a352e409c201aa242d6a5b1ceceb1519fda
440,4354.5,CANCER,Thomas Gettys,github.com/n1LS/redcode-warriors,https://raw.githubusercontent.com/n1LS/redcode-warriors/615f2f3d75acfcb5420821eb5c1acc659377a7e2/cancer.red,dc8af24c7dce6621793fe7ff3126f6b810465da41452215e482ae763aafce53f
441,4353.0,ImpBreed 1.1,Jonathan Roy,github.com/n1LS/redcode-warriors,https://raw.githubusercontent.com/n1LS/redcode-warriors/615f2f3d75acfcb5420821eb5c1acc659377a7e2/impbreed11.red,ddf5413f411468abc5ecc5eeeebe172be293c883b53c2124b3c3cdc19b3ff99a
442,4318.75,Coocoo,Jan Rydval,github.com/n1LS/redcode-warriors,https://raw.githubusercontent.com/n1LS/redcode-warriors/615f2f3d75acfcb5420821eb5c1acc659377a7e2/coocoo.red,e178e824332089b764dd32ddd00e5024697d77155525051cce8df4d0d6388c6a
443,4317.25,my_first_try,Andreas Schamanek,github.com/n1LS/redcode-warriors,https://raw.githubusercontent.com/n1LS/redcode-warriors/615f2f3d75acfcb5420821eb5c1acc659377a7e2/mft.red,71adda4f16c782547fdb63cf8be28c3e7cebac2daf580882dc933463265a3f07
444,4305.25,Harpye,Stefan Strack,github.com/n1LS/redcode-warriors,https://raw.githubusercontent.com/n1LS/redcode-warriors/615f2f3d75acfcb5420821eb5c1acc659377a7e2/harpye.red,477d6d055a9c3586c3c0b150479084c5f5b6b86f6d3dd957ee994c318b26a884
445,4277.75,PinUp,T. Takebayashi,github.com/n1LS/redcode-warriors,https://raw.githubusercontent.com/n1LS/redcode-warriors/615f2f3d75acfcb5420821eb5c1acc659377a7e2/pinup.red,23a14d37b8a9589fc42414c76ed66c0caeec552c160dc090c45f9291b4047818
446,4277.75,Corona 1.1,Alex MacAulay,github.com/n1LS/redcode-warriors,https://raw.githubusercontent.com/n1LS/redcode-warriors/615f2f3d75acfcb5420821eb5c1acc659377a7e2/corona.red,70afc66c93b6bb08bdc5719d558f7b785f687e716f7f62b007a718dbfeba512b
447,4271.25,Sieve,Dirk Wolff-Klammer,github.com/n1LS/redcode-warriors,https://raw.githubusercontent.com/n1LS/redcode-warriors/615f2f3d75acfcb5420821eb5c1acc659377a7e2/sieve.red,da2338005713d2ef42c26bc7c5709c6dc9f4a79c58b6eced00dd5df12105b11c
448,4259.5,X5 V1.2,Adam Caldwell,github.com/n1LS/redcode-warriors,https://raw.githubusercontent.com/n1LS/redcode-warriors/615f2f3d75acfcb5420821eb5c1acc659377a7e2/x5v12.red,101c448f1766773b3f978a792c2e018e5f113e844489a05ccf6959c9da2a0523
449,4213.25,mice,,github.com/n1LS/redcode-warriors,https://raw.githubusercontent.com/n1LS/redcode-warriors/615f2f3d75acfcb5420821eb5c1acc659377a7e2/mice.red,3293474080206d3f89116814a805445ed3a50794748a067ccc1159e840f8f9de
450,4209.5,tiny-tim v1.1,gss & mkg,github.com/n1LS/redcode-warriors,https://raw.githubusercontent.com/n1LS/redcode-warriors/615f2f3d75acfcb5420821eb5c1acc659377a7e2/tinytim.red,e520eafa1d87f1b93038ee3967de1683f572d7fda576b296e801b634f4ebf158
451,4166.75,Tiny v1.2,J.Cisek,github.com/n1LS/redcode-warriors,https://raw.githubusercontent.com/n1LS/redcode-warriors/615f2f3d75acfcb5420821eb5c1acc659377a7e2/tiny.red,a085745574a056a5c90ef2cb551cbda26517eca00b360538e06a4509c7d06e27
452,4127.0,Gnat,J.Cisek,github.com/n1LS/redcode-warriors,https://raw.githubusercontent.com/n1LS/redcode-warriors/615f2f3d75acfcb5420821eb5c1acc659377a7e2/gnat.red,afa9e3d60099d867f070f1628b3cbf445c5054ff389efa130597715c718e0ed9
453,4121.0,Virus,Scott Adkins,github.com/n1LS/redcode-warriors,https://raw.githubusercontent.com/n1LS/redcode-warriors/615f2f3d75acfcb5420821eb5c1acc659377a7e2/virus.red,0fbe2081b63bd1dee7e4ef50efa091a14aef1cf376b3578fd93f7a5c8651daf3
454,4106.25,Killer,Scott Adkins,github.com/n1LS/redcode-warriors,https://raw.githubusercontent.com/n1LS/redcode-warriors/615f2f3d75acfcb5420821eb5c1acc659377a7e2/killer.red,9bd5aad82893ef2bdce2493d3c873847d45ccafa85c8977770e2136b819447b8
455,4078.5,Scrambler,Mark A. Durham,github.com/n1LS/redcode-warriors,https://raw.githubusercontent.com/n1LS/redcode-warriors/615f2f3d75acfcb5420821eb5c1acc659377a7e2/scrambler.red,e8febfc1811f6b0c226c935c0909dd5161b566181f65b1c8cb93c718f3e4ebcc
456,4072.25,T.Rex,P.Kline,github.com/n1LS/redcode-warriors,https://raw.githubusercontent.com/n1LS/redcode-warriors/615f2f3d75acfcb5420821eb5c1acc659377a7e2/t-rex.red,dce92e3292c476bf7387101ed4a8a6ac061559692ec676c8cb02d6ea2985f645
457,4071.0,Passport,Paul Kline,github.com/n1LS/redcode-warriors,https://raw.githubusercontent.com/n1LS/redcode-warriors/615f2f3d75acfcb5420821eb5c1acc659377a7e2/passport.red,9e05719698374ff01c38d7dfed6c303396b75a0b0203ff5df74aa8b63591298e
458,4059.75,Acid Rain 1.0,James Jesensky,github.com/n1LS/redcode-warriors,https://raw.githubusercontent.com/n1LS/redcode-warriors/615f2f3d75acfcb5420821eb5c1acc659377a7e2/acidrain.red,da5aa719167a3264aaffa1c9c60eedf1ff169f8755e092e6451c3fc164679e4b
459,4031.5,Appleseed Five++,Jack Twilley,github.com/n1LS/redcode-warriors,https://raw.githubusercontent.com/n1LS/redcode-warriors/615f2f3d75acfcb5420821eb5c1acc659377a7e2/appleseed.red,88d942ed95f1aef60ad06bb3a71af7ab4a43434393e60a9735e9dce0999e0da3
460,4023.5,IcicleV2 1.14,Ansel Greenwood,github.com/n1LS/redcode-warriors,https://raw.githubusercontent.com/n1LS/redcode-warriors/615f2f3d75acfcb5420821eb5c1acc659377a7e2/icicle2.red,f1728e2c4df5913619ca4c507f6fb1092e7b5f4bc49643f49bbabbefae82edea
461,4021.5,Pebbles v1.0,Christoph C. Birk,github.com/n1LS/redcode-warriors,https://raw.githubusercontent.com/n1LS/redcode-warriors/615f2f3d75acfcb5420821eb5c1acc659377a7e2/pebbles10.red,3ec3a8f58fcef5c0d25db7d27e232a02b6626d71c7eb4297ab13f505b649fc41
462,4004.75,Dandelion Citadel,Simon Wainwright,github.com/n1LS/redcode-warriors,https://raw.githubusercontent.com/n1LS/redcode-warriors/615f2f3d75acfcb5420821eb5c1acc659377a7e2/dandelioncitadel.red,e1dc4aacf46c15e89f75176d6647a5a7e76b3b06f67976914780b5e0cd697154
463,3994.25,Coke 1.0,Maz Spork,github.com/n1LS/redcode-warriors,https://raw.githubusercontent.com/n1LS/redcode-warriors/615f2f3d75acfcb5420821eb5c1acc659377a7e2/coke.red,b3a913e609a5b8e6539227e3aac199435d8209ced1c968414bbf58fa840df851
464,3993.75,Binary bomber,Scott Nelson,github.com/n1LS/redcode-warriors,https://raw.githubusercontent.com/n1LS/redcode-warriors/615f2f3d75acfcb5420821eb5c1acc659377a7e2/binarybomb.red,ae1d5bc2732ce4717b130516eed87a5ff62a0f2cbde31be60fd4549944bec5d2
465,3939.5,UltraSlick,Ray Cromwell,github.com/n1LS/redcode-warriors,https://raw.githubusercontent.com/n1LS/redcode-warriors/615f2f3d75acfcb5420821eb5c1acc659377a7e2/ultra.red,80b5d379df5be1a8cb6f212b78ef64e6803badadae712d462f8500112ed76682
466,3927.75,Gnat2a,Steve Newman,github.com/n1LS/redcode-warriors,https://raw.githubusercontent.com/n1LS/redcode-warriors/615f2f3d75acfcb5420821eb5c1acc659377a7e2/gnat2a.red,2de9e516eceaacc08ca4e8493d0ac536e2856702bc571045e2a59a99d364af18
467,3916.5,Trinity Zwo,Stefan Strack,github.com/n1LS/redcode-warriors,https://raw.githubusercontent.com/n1LS/redcode-warriors/615f2f3d75acfcb5420821eb5c1acc659377a7e2/trinityzwo.red,f40d148f551d60d7749c6e456dbf93fa9028928304769569cc96ae08d2b3990a
468,3901.75,Scoop v1.1,Matthew K. Gray,github.com/n1LS/redcode-warriors,https://raw.githubusercontent.com/n1LS/redcode-warriors/615f2f3d75acfcb5420821eb5c1acc659377a7e2/scoop11.red,e50e2aeada50da505a1b5af6d6b85f8d1d904edfe47fcbbde8273c099cfd1f36
469,3884.0,Kirin,Eiji-Kako,github.com/n1LS/redcode-warriors,https://raw.githubusercontent.com/n1LS/redcode-warriors/615f2f3d75acfcb5420821eb5c1acc659377a7e2/kirin.red,307844c89261dd759614244f9bdaf59a80983b85883705d2221330a1e4933acc
470,3873.75,FastVamp v3.1,Matthew K. Gray,github.com/n1LS/redcode-warriors,https://raw.githubusercontent.com/n1LS/redcode-warriors/615f2f3d75acfcb5420821eb5c1acc659377a7e2/fastvamp31.red,20cbe2b05ae33701af591ebcda4c47e283b82d22996543c2069f23b825ae650c
471,3866.5,Homunculus,Pi Qan,github.com/n1LS/redcode-warriors,https://raw.githubusercontent.com/n1LS/redcode-warriors/615f2f3d75acfcb5420821eb5c1acc659377a7e2/homunculus.red,43ca57046841acd40d60c2d374b70bc4b03eb7ec1ca90e74f425c1c15bd19ddf
472,3833.75,VAMPSPRD,Jon Newman,github.com/n1LS/redcode-warriors,https://raw.githubusercontent.com/n1LS/redcode-warriors/615f2f3d75acfcb5420821eb5c1acc659377a7e2/vampsprd.red,f58405a6a43decd4c384d6a9dedb2b28b24d37597b50844f7d6b3f0cc52ad5f0
473,3798.5,fork,J.Layland,github.com/n1LS/redcode-warriors,https://raw.githubusercontent.com/n1LS/redcode-warriors/615f2f3d75acfcb5420821eb5c1acc659377a7e2/fork.red,e08f069a4ec5f6a2bf62133e75fc526a33795e3611d045a4d415fc078ee176e4
474,3775.25,GEM,Leonardo Furlanetto,github.com/n1LS/redcode-warriors,https://raw.githubusercontent.com/n1LS/redcode-warriors/615f2f3d75acfcb5420821eb5c1acc659377a7e2/gem.red,6157d7d179e0884427ce8eb4d7014b5ceff477ea5ee10f5f636a01801569de54
475,3770.25,Eloquent,P.Kline,github.com/n1LS/redcode-warriors,https://raw.githubusercontent.com/n1LS/redcode-warriors/615f2f3d75acfcb5420821eb5c1acc659377a7e2/eloquent.red,a3ae040f667cdc63431d96c4d54bcdccce716e2accaadd99eb3ef553ec0e61db
476,3769.0,Nerx-A19,Arek Paterek,github.com/n1LS/redcode-warriors,https://raw.githubusercontent.com/n1LS/redcode-warriors/615f2f3d75acfcb5420821eb5c1acc659377a7e2/nerxa19.red,0c75e11477c989753b4b0fb00dc8435ba6ce5275e783d4af99fbe7afce409ae0
477,3753.0,ProtonDance-X,J.Cisek,github.com/n1LS/redcode-warriors,https://raw.githubusercontent.com/n1LS/redcode-warriors/615f2f3d75acfcb5420821eb5c1acc659377a7e2/protondance.red,bfec89d298463eac811c8f3bc48d8e4c1831424103a13880e3e501ba600a5e47
478,3696.5,Flail,Pi Qan,github.com/n1LS/redcode-warriors,https://raw.githubusercontent.com/n1LS/redcode-warriors/615f2f3d75acfcb5420821eb5c1acc659377a7e2/flail.red,f8ebfe4e11bb720f82f060334fb574a09f39ac0166dca713fd1c0c9cd976ade8
479,3688.25,Dwarf,A. K. Dewdney,github.com/n1LS/redcode-warriors,https://raw.githubusercontent.com/n1LS/redcode-warriors/615f2f3d75acfcb5420821eb5c1acc659377a7e2/dwarf.red,e316cfe920bcdb9dc2a61da1c961709ca18c8fa4ab421de4a19d86e5b4658f96
480,3676.25,PLAGUE,R. Paludan,github.com/n1LS/redcode-warriors,https://raw.githubusercontent.com/n1LS/redcode-warriors/615f2f3d75acfcb5420821eb5c1acc659377a7e2/plague.red,b28f5bc6a9f269a330788c9f9e6927c606d981d501a886bea9cef1973af888c9
481,3656.75,Soft Bomb v1.0,Lars Riemer,github.com/n1LS/redcode-warriors,https://raw.githubusercontent.com/n1LS/redcode-warriors/615f2f3d75acfcb5420821eb5c1acc659377a7e2/softbomb.red,e1eb18099f17bd675ddeb481f679eecc85c45a2ba8f8071ae6780d9dc36f5916
482,3538.0,Kopi,Jonas Hartwig,github.com/n1LS/redcode-warriors,https://raw.githubusercontent.com/n1LS/redcode-warriors/615f2f3d75acfcb5420821eb5c1acc659377a7e2/kopi.red,5bcc89e25b2e908104762be2e29822e41d97aa29d7cceb63aaa71559450a239d
483,3535.75,IMPy2,WFB,github.com/n1LS/redcode-warriors,https://raw.githubusercontent.com/n1LS/redcode-warriors/615f2f3d75acfcb5420821eb5c1acc659377a7e2/impy2.red,1edc742b100f2f473dd9124d7cb4fcbc41decc58f3d23de4d4e6480e3cba8682
484,3509.5,living dead,Nandor Sieben,github.com/n1LS/redcode-warriors,https://raw.githubusercontent.com/n1LS/redcode-warriors/615f2f3d75acfcb5420821eb5c1acc659377a7e2/livingdead.red,d063d8c7a6fc4f5fe6c3f23794165831482f4f64752ed7918f1a4b0dd2b94d1f
485,3499.0,paratrooper,Vincent Li,github.com/n1LS/redcode-warriors,https://raw.githubusercontent.com/n1LS/redcode-warriors/615f2f3d75acfcb5420821eb5c1acc659377a7e2/paratrooper.red,ce8bc5fd58f37e950146555f65a9f3d4993b4c4faff6421eb37e97075c4018c9
486,3495.5,CAKE B,S. Halvorsen,github.com/n1LS/redcode-warriors,https://raw.githubusercontent.com/n1LS/redcode-warriors/615f2f3d75acfcb5420821eb5c1acc659377a7e2/cakeb.red,e3969884a0a6ed1711572405a39f80b78ca894656d71f5358ae771939315e1ee
487,3485.0,MouseBomb,Gabler Alexander,github.com/n1LS/redcode-warriors,https://raw.githubusercontent.com/n1LS/redcode-warriors/615f2f3d75acfcb5420821eb5c1acc659377a7e2/mousebomb.red,2fde6c84a5f53596b1034a243f2fc4b9857eb91a0ac07d850b24458ad68ab276
488,3480.0,Crazy Imp,Adam Caldwell,github.com/n1LS/redcode-warriors,https://raw.githubusercontent.com/n1LS/redcode-warriors/615f2f3d75acfcb5420821eb5c1acc659377a7e2/crazyimp.red,141e8123d8c4c7084fa1505b37d81dfb1c13e8708e0beed7e1519a62e1fc7d46
489,3462.25,BiBombS,,github.com/n1LS/redcode-warriors,https://raw.githubusercontent.com/n1LS/redcode-warriors/615f2f3d75acfcb5420821eb5c1acc659377a7e2/bibombs.red,4cb25e921a083f06c7fc359b8395d82e617d2af4e962c7461020a2d45aeb7e09
490,3446.75,Street Sweeper,Adam Caldwell,github.com/n1LS/redcode-warriors,https://raw.githubusercontent.com/n1LS/redcode-warriors/615f2f3d75acfcb5420821eb5c1acc659377a7e2/street.red,9b392f3b03bf1841c60a3dbaffb01f911ffd0f5bca8978290b38534105a33193
491,3430.75,Sargent,Kevin,github.com/n1LS/redcode-warriors,https://raw.githubusercontent.com/n1LS/redcode-warriors/615f2f3d75acfcb5420821eb5c1acc659377a7e2/sargent.red,a94801b25fa2bdfa46017cc6ae24c39c114928cb4470cab8f2cb22fbdc8e3382
492,3427.5,mutant,brad rembielak,github.com/n1LS/redcode-warriors,https://raw.githubusercontent.com/n1LS/redcode-warriors/615f2f3d75acfcb5420821eb5c1acc659377a7e2/mutant.red,59e8e9ca8aacc106bbdb61ddf7e837072ef79ded7697137f934c85d9a32bcde4
493,3427.25,Dwarven warrior,Net Mantis,github.com/n1LS/redcode-warriors,https://raw.githubusercontent.com/n1LS/redcode-warriors/615f2f3d75acfcb5420821eb5c1acc659377a7e2/dwarven.red,cb4df2cc979f1aeeb8bc6437e6fbe14c8dfda21e1eef9bd32c920bfc61d8ffa5
494,3408.5,Bravo,,github.com/n1LS/redcode-warriors,https://raw.githubusercontent.com/n1LS/redcode-warriors/615f2f3d75acfcb5420821eb5c1acc659377a7e2/bravo.red,b71abcd8893510136a1484725a98a855c7ec4d7cac6a07ad38ca8bd1a674aa08
495,3407.0,Hit Hard 2,Jon Newman,github.com/n1LS/redcode-warriors,https://raw.githubusercontent.com/n1LS/redcode-warriors/615f2f3d75acfcb5420821eb5c1acc659377a7e2/hithard2.red,5cca37bf9495f8c08e95cff055eacf2ee0f033b46d99a3b57c3c2254655b243f
496,3406.5,bomber-basic,samurai@psych0tik.net,github.com/n1LS/redcode-warriors,https://raw.githubusercontent.com/n1LS/redcode-warriors/615f2f3d75acfcb5420821eb5c1acc659377a7e2/bomber.red,249cffd1e422b9d0c072cf832318966dcc09fd3e4b05d2380cc2a84973f9904c
497,3367.25,Breadman 1.0,Joshua Houk,github.com/n1LS/redcode-warriors,https://raw.githubusercontent.com/n1LS/redcode-warriors/615f2f3d75acfcb5420821eb5c1acc659377a7e2/breadman.red,47f854eecf1356c99d5c49b80cb4e0beee3040602bd8b633c6903c8986bf77d9
498,3366.5,Imp Gun,,github.com/n1LS/redcode-warriors,https://raw.githubusercontent.com/n1LS/redcode-warriors/615f2f3d75acfcb5420821eb5c1acc659377a7e2/impgun.red,cc4d3eac16acd22622c70b9916fc56b64fcc6f16dda01cea1e5bd0d96df7fab7
499,3363.25,Anti-Vampire,,github.com/n1LS/redcode-warriors,https://raw.githubusercontent.com/n1LS/redcode-warriors/615f2f3d75acfcb5420821eb5c1acc659377a7e2/antivampire.red,8a29702dd8cf8a833e8a9b20d9a4c0dff431e4c8b8ad48e76b85a86865368b3d
500,3349.5,Chang1,Morrison J. Chang,github.com/n1LS/redcode-warriors,https://raw.githubusercontent.com/n1LS/redcode-warriors/615f2f3d75acfcb5420821eb5c1acc659377a7e2/chang1.red,7ceafd812d82727307559d3f84f708c64a7d4d6ae48a7c37d89e857636ecb90c
501,3342.75,Mort Aux Vaches,Joshua Houk,github.com/n1LS/redcode-warriors,https://raw.githubusercontent.com/n1LS/redcode-warriors/615f2f3d75acfcb5420821eb5c1acc659377a7e2/mortaux.red,7de984abc5448e63434d5f721fec975a813dc5c4030b2d8e812c19a2b5fd46ea
502,3340.75,Bow-n-Arrow 2.2,James Jesensky,github.com/n1LS/redcode-warriors,https://raw.githubusercontent.com/n1LS/redcode-warriors/615f2f3d75acfcb5420821eb5c1acc659377a7e2/bownarrow.red,42f10cf406c263a018f5b9ec70756c17597a0e3aa55ab88675e525c3edbdd74b
503,3290.25,Wang1,Alan Wang,github.com/n1LS/redcode-warriors,https://raw.githubusercontent.com/n1LS/redcode-warriors/615f2f3d75acfcb5420821eb5c1acc659377a7e2/wang.red,b54ee049ae22d6a663b30b37c542ae06099c076db98f3208544de7126ddbb60e
504,3284.25,Chalk,,github.com/n1LS/redcode-warriors,https://raw.githubusercontent.com/n1LS/redcode-warriors/615f2f3d75acfcb5420821eb5c1acc659377a7e2/chalk.red,05ee4a83462d090b5887a3b704025794a01f1b8a9477b9cbb6c575ba19036db7
505,3269.75,Wow,John,github.com/n1LS/redcode-warriors,https://raw.githubusercontent.com/n1LS/redcode-warriors/615f2f3d75acfcb5420821eb5c1acc659377a7e2/wow.red,a81c609f0477b1991d00056dadad2b1e77df6eca6cb83a882ad0dd532e077ca4
506,3269.75,Prime-Imp v1.0,Joshua Houk,github.com/n1LS/redcode-warriors,https://raw.githubusercontent.com/n1LS/redcode-warriors/615f2f3d75acfcb5420821eb5c1acc659377a7e2/primeimp.red,6ae66c268e84fbec0300ed4649763f567d97d7b3d99023087b601c9c422c8081
507,3269.75,orc,Timothy Echeandia,github.com/n1LS/redcode-warriors,https://raw.githubusercontent.com/n1LS/redcode-warriors/615f2f3d75acfcb5420821eb5c1acc659377a7e2/orc.red,ea503650320e97357de6d96a04484a7f38a86325f831fc5cf9f28be07edfef8f
508,3269.75,Imp,A.K. Dewdney,github.com/n1LS/redcode-warriors,https://raw.githubusercontent.com/n1LS/redcode-warriors/615f2f3d75acfcb5420821eb5c1acc659377a7e2/imp.red,cf387e3b2dfa84ef2cb13b9e68e54bff7b1d43389c10f801d32f6e6985faec2e
509,3269.5,Prime-Imp v2.0,Joshua Houk,github.com/n1LS/redcode-warriors,https://raw.githubusercontent.com/n1LS/redcode-warriors/615f2f3d75acfcb5420821eb5c1acc659377a7e2/primeimp2.red,1e7e02e808b9ba8a100b1081f4a205452c312b48628aea2a5a92731281379692
510,3265.75,Middle-Earth_1.4,Rob Shultz,github.com/n1LS/redcode-warriors,https://raw.githubusercontent.com/n1LS/redcode-warriors/615f2f3d75acfcb5420821eb5c1acc659377a7e2/middle.red,167ba8e6e19156c416d6722134f352e1cc99027e65bc919c8c2d61bb5099fac2
511,3264.75,Scanner Y,Stig Hemmer,github.com/n1LS/redcode-warriors,https://raw.githubusercontent.com/n1LS/redcode-warriors/615f2f3d75acfcb5420821eb5c1acc659377a7e2/scannerY.red,3ca0ad78094b2d3168275f2f73a6c564e34275297306d9737a9d5b96ca3fca80
512,3257.75,Heap-imp,James Jesensky,github.com/n1LS/redcode-warriors,https://raw.githubusercontent.com/n1LS/redcode-warriors/615f2f3d75acfcb5420821eb5c1acc659377a7e2/heapimp.red,f82cb7c73d3c3961ffa7e0df21c7a2688bdaff512ea9da1ac709a76bf6073d7c
513,3241.5,PMJUMP,PAOLA MONTRASIO,github.com/n1LS/redcode-warriors,https://raw.githubusercontent.com/n1LS/redcode-warriors/615f2f3d75acfcb5420821eb5c1acc659377a7e2/pmjump.red,e6852912b819709877e82e39f05fdc967ce4175163c778d199cf708b39a4b2e4
514,3239.25,PHAGE,NORIO SUZUKI,github.com/n1LS/redcode-warriors,https://raw.githubusercontent.com/n1LS/redcode-warriors/615f2f3d75acfcb5420821eb5c1acc659377a7e2/phage.red,16a3c2e4c95e76ab5c6c7fbf0e21ad3588a3fd05cf47f5bf613b7f6259281c98
515,3232.25,TANK,Detlef BUNK,github.com/n1LS/redcode-warriors,https://raw.githubusercontent.com/n1LS/redcode-warriors/615f2f3d75acfcb5420821eb5c1acc659377a7e2/tank.red,dcefc041aba5ce5812260e299fb172932bbf7cb67c92c0bb776b22b22e673acc
516,3203.25,Trigger Cut v1.0,Joshua Houk,github.com/n1LS/redcode-warriors,https://raw.githubusercontent.com/n1LS/redcode-warriors/615f2f3d75acfcb5420821eb5c1acc659377a7e2/trigger.red,6fd546885063a00ddb54f7ec7188afec5fe613c88f25e4beb4130bbce92d9aee
517,3196.5,Banana Split v1.4,Frank J. T. Wojcik,github.com/n1LS/redcode-warriors,https://raw.githubusercontent.com/n1LS/redcode-warriors/615f2f3d75acfcb5420821eb5c1acc659377a7e2/bananasplit.red,afd576fea2e1064696f5daf120f0d0a8e6895b4dd12ab2c773739c0a4cc78346
518,3175.5,Killer 2,ThM,github.com/n1LS/redcode-warriors,https://raw.githubusercontent.com/n1LS/redcode-warriors/615f2f3d75acfcb5420821eb5c1acc659377a7e2/killer2.red,f2362908b8f699e47bce58b6dcfc8a4c771beb69294de83217bd358e1e68cab4
519,3151.5,Jumper,Paolo Montrasio,github.com/n1LS/redcode-warriors,https://raw.githubusercontent.com/n1LS/redcode-warriors/615f2f3d75acfcb5420821eb5c1acc659377a7e2/jumper.red,8a6c80acbc52ab3cd5e5c9933bd5283cd64d4a9a9e92186f9e7c23186e4fbbfe
520,3110.25,Lemming,Scott Nelson,github.com/n1LS/redcode-warriors,https://raw.githubusercontent.com/n1LS/redcode-warriors/615f2f3d75acfcb5420821eb5c1acc659377a7e2/lemming.red,e079a0ab62a1daefdb88c43e6532ca375e240e0244ea732c2b5ed7baa8f147e2
521,3102.75,SimpleScan 2,Campbell Fraser,github.com/n1LS/redcode-warriors,https://raw.githubusercontent.com/n1LS/redcode-warriors/615f2f3d75acfcb5420821eb5c1acc659377a7e2/simplescan2.red,59001bc1648f48391c90fb78b20c9598f16f1192ea17552de20bc914cf859e5d
522,3094.75,Shrimp,Kenneth D. Miller,github.com/n1LS/redcode-warriors,https://raw.githubusercontent.com/n1LS/redcode-warriors/615f2f3d75acfcb5420821eb5c1acc659377a7e2/shrimp.red,4c63ac70d20e77b992c7d2071bbe91422449c851f0529c62e8ca57df687a1907
523,3089.5,SLUICEGATE,Jon Blow,github.com/n1LS/redcode-warriors,https://raw.githubusercontent.com/n1LS/redcode-warriors/615f2f3d75acfcb5420821eb5c1acc659377a7e2/sluicegate.red,a91ac9185e94f592e462b49802cf15b953aed4bae8067d859add377057c535b6
524,3065.75,Fydgitr,Kenneth W. Clapp,github.com/n1LS/redcode-warriors,https://raw.githubusercontent.com/n1LS/redcode-warriors/615f2f3d75acfcb5420821eb5c1acc659377a7e2/fydgitr.red,f4ae5b8368b4fd806267fde52379db675f0b42b62d8f5ee7c4e09b3f023142c3
525,3030.25,Splat,R. Paludan,github.com/n1LS/redcode-warriors,https://raw.githubusercontent.com/n1LS/redcode-warriors/615f2f3d75acfcb5420821eb5c1acc659377a7e2/splat.red,0c0c58714d4963ca357693195f0a36f0037ac7b3c93985520649ee386711bd0c
526,3023.25,KWC72C,Kenneth Clapp,github.com/n1LS/redcode-warriors,https://raw.githubusercontent.com/n1LS/redcode-warriors/615f2f3d75acfcb5420821eb5c1acc659377a7e2/kwc72c.red,470ab0f61c42d3b29e996093299485cd4498a2fbdb7323e76c78837342ad0d5c
527,3018.75,paratrooper v2.1,Vincent Li,github.com/n1LS/redcode-warriors,https://raw.githubusercontent.com/n1LS/redcode-warriors/615f2f3d75acfcb5420821eb5c1acc659377a7e2/paratrooper21.red,535fb163c37d11036cdc3adb0b3c86dbf7f64b568c339b6676802e07b9b87ca7
528,3003.5,Spwum,Paul Huff,github.com/n1LS/redcode-warriors,https://raw.githubusercontent.com/n1LS/redcode-warriors/615f2f3d75acfcb5420821eb5c1acc659377a7e2/spwum.red,c8e19e77fd1c5835ce41c4a466e124ee09bcf99e119b60ae6c1394c352c23a3b
529,2971.5,Suicidal Alien 22,Franz,github.com/n1LS/redcode-warriors,https://raw.githubusercontent.com/n1LS/redcode-warriors/615f2f3d75acfcb5420821eb5c1acc659377a7e2/suicidalalien22.red,301e3350cc11a425de2b80189e17464939b871d32447f2c6abca8bb79855623b
530,2970.75,Crimson v1.1,J.Cisek,github.com/n1LS/redcode-warriors,https://raw.githubusercontent.com/n1LS/redcode-warriors/615f2f3d75acfcb5420821eb5c1acc659377a7e2/crimson.red,00e36af9d9c8ad77e6b2fc34db40ffbfb423a64f20bbe63138b96ddb4c3f1b75
531,2950.75,2IR,Calvin Loh,github.com/n1LS/redcode-warriors,https://raw.githubusercontent.com/n1LS/redcode-warriors/615f2f3d75acfcb5420821eb5c1acc659377a7e2/twopir.red,335065836108af512000fdb3461bca0ad2001232bdc8f3b42943ea2f0ca8be72
532,2949.0,SuperImp 1.0,Jonathan Roy,github.com/n1LS/redcode-warriors,https://raw.githubusercontent.com/n1LS/redcode-warriors/615f2f3d75acfcb5420821eb5c1acc659377a7e2/superimp.red,74c6fb47fc4bb561e5e88192d797fd9eb9e952326218ba1eb04a2f87d85040ba
533,2944.25,trident,Anders Ivner,github.com/n1LS/redcode-warriors,https://raw.githubusercontent.com/n1LS/redcode-warriors/615f2f3d75acfcb5420821eb5c1acc659377a7e2/trident.red,d7c466fca1e8ec3f38cc705a807fa42aa0731c0f20930fa1a1777fefa0348d39
534,2927.75,macro,Nandor Sieben,github.com/n1LS/redcode-warriors,https://raw.githubusercontent.com/n1LS/redcode-warriors/615f2f3d75acfcb5420821eb5c1acc659377a7e2/macro.red,5e3f9ace78c4397914dbd84f86f5511004d9a67fb24f83bdd5222d6573727886
535,2912.0,MINIDSPR,JON NEWMAN,github.com/n1LS/redcode-warriors,https://raw.githubusercontent.com/n1LS/redcode-warriors/615f2f3d75acfcb5420821eb5c1acc659377a7e2/minidspr.red,b7817f6e8ffcb0a3ef8ef099d18cf948e4d1cb262bbf5dccd643d9bdb46bdee6
536,2900.5,ImpLance 0.2b,Jonathan Roy,github.com/n1LS/redcode-warriors,https://raw.githubusercontent.com/n1LS/redcode-warriors/615f2f3d75acfcb5420821eb5c1acc659377a7e2/implance.red,a53a0f72c3cdad7551c8ba534dccdeee94b2317987c0b72ea481035c652eadbe
537,2900.5,Boring2,Your Name,github.com/n1LS/redcode-warriors,https://raw.githubusercontent.com/n1LS/redcode-warriors/615f2f3d75acfcb5420821eb5c1acc659377a7e2/boring2.red,d97191f70eb4ea8de394965505e511ad324ede76b97a1553c643622dc3e36e6d
538,2899.0,Bomb Finder 2.0,Devin Kilminster,github.com/n1LS/redcode-warriors,https://raw.githubusercontent.com/n1LS/redcode-warriors/615f2f3d75acfcb5420821eb5c1acc659377a7e2/bombfinder.red,bcaa28840beffde90a2f8acfc4388cf8d62ff0f456deb93eeddb245cccd04e85
539,2892.5,Not Quite Imp,Berzerker <berzerker@ircfightclub.com>,github.com/n1LS/redcode-warriors,https://raw.githubusercontent.com/n1LS/redcode-warriors/615f2f3d75acfcb5420821eb5c1acc659377a7e2/notquiteimp.red,f620ec664ecfe0d0dda5a02e56d976daadbad46282c384367a346636192d06e5
540,2892.25,"SAD, Search and Destroy",Christoph Doederlein,github.com/n1LS/redcode-warriors,https://raw.githubusercontent.com/n1LS/redcode-warriors/615f2f3d75acfcb5420821eb5c1acc659377a7e2/sad.red,a7d0a5f07b91cd70da15a60cdcc3fe1de3c3587d9daa47df3e1a21d02f87b5d3
541,2885.25,Imp Cannon,,github.com/n1LS/redcode-warriors,https://raw.githubusercontent.com/n1LS/redcode-warriors/615f2f3d75acfcb5420821eb5c1acc659377a7e2/impcannon.red,e3d4382591c19a51f8bbebd7b2c3415f3502226747853341182a211a01e8a6bd
542,2873.75,Burp,Jack Twilley,github.com/n1LS/redcode-warriors,https://raw.githubusercontent.com/n1LS/redcode-warriors/615f2f3d75acfcb5420821eb5c1acc659377a7e2/burp.red,2813d35b38fda1eb8be92ba1c165fc8d12a9a37b788c026415d4fc44be99f9bb
543,2865.0,Auto v1.0,Peter Olcott,github.com/n1LS/redcode-warriors,https://raw.githubusercontent.com/n1LS/redcode-warriors/615f2f3d75acfcb5420821eb5c1acc659377a7e2/auto.red,51ea18ddcf614b1e81fbb4a140e9aa3b69e53892a867393d3f642dac69b71560
544,2863.5,Alpha,,github.com/n1LS/redcode-warriors,https://raw.githubusercontent.com/n1LS/redcode-warriors/615f2f3d75acfcb5420821eb5c1acc659377a7e2/alpha.red,0142030d0cf07e93b6fdcd0719aa16c5c4776ac7fe849a52ec7f00185e2f9d61
545,2861.0,Spray,Nicola Baldini,github.com/n1LS/redcode-warriors,https://raw.githubusercontent.com/n1LS/redcode-warriors/615f2f3d75acfcb5420821eb5c1acc659377a7e2/spray.red,df62105a9829574cdc59b95d9b016c8b181dd57cd5d5f8630d8888c8c975fe6c
546,2855.5,mortar,Michael L. Mauldin,github.com/n1LS/redcode-warriors,https://raw.githubusercontent.com/n1LS/redcode-warriors/615f2f3d75acfcb5420821eb5c1acc659377a7e2/mortar.red,a2f3bd33e717b5b76adf28a5f7213ea999f339b50ffedfa387ce956b2b737b91
547,2849.5,Dumbo,Corey Lynn Nelson,github.com/n1LS/redcode-warriors,https://raw.githubusercontent.com/n1LS/redcode-warriors/615f2f3d75acfcb5420821eb5c1acc659377a7e2/dumbo.red,a690821d841f435f2af698727541bced03e05d2eeb2213a9ee521c025320a74d
548,2843.75,Impring,,github.com/n1LS/redcode-warriors,https://raw.githubusercontent.com/n1LS/redcode-warriors/615f2f3d75acfcb5420821eb5c1acc659377a7e2/impring.red,4622580ed6706f1f478706fc817ff79dfb8a8a26364091f9207c2c8ef468eff9
549,2819.0,MIRV,Strike,github.com/n1LS/redcode-warriors,https://raw.githubusercontent.com/n1LS/redcode-warriors/615f2f3d75acfcb5420821eb5c1acc659377a7e2/mirv.red,f4e4add4e5a9039730cabb4dd80fa14ef0d027371907b7ef997a87b457e624ae
550,2815.75,DwarfBomb,Ben Snitkoff,github.com/n1LS/redcode-warriors,https://raw.githubusercontent.com/n1LS/redcode-warriors/615f2f3d75acfcb5420821eb5c1acc659377a7e2/dwarfbomb1.red,14ef78cdfbb6bd7b5f9c417efb85eb32d54cb1a72116b876c73f4173e15c2043
551,2799.5,Gulliver,john wetmiller,github.com/n1LS/redcode-warriors,https://raw.githubusercontent.com/n1LS/redcode-warriors/615f2f3d75acfcb5420821eb5c1acc659377a7e2/gulliver.red,df529cb665675dda3051884ac691f4e09ed67cd2bac762a21123bae284843b57
552,2751.25,VAMP,Stefan Roettger,github.com/n1LS/redcode-warriors,https://raw.githubusercontent.com/n1LS/redcode-warriors/615f2f3d75acfcb5420821eb5c1acc659377a7e2/vamp.red,b10ccc336401c7943d818fc889985660b3a6dd4f41f1598a8ce4b4e06bea6dac
553,2744.25,Maniac 1.0,,github.com/n1LS/redcode-warriors,https://raw.githubusercontent.com/n1LS/redcode-warriors/615f2f3d75acfcb5420821eb5c1acc659377a7e2/maniac.red,8f978692229a153dd6e030dd6a29843d20d7ac04149eec5648bf8fe340fa7f02
554,2743.0,Xerox II,Franz,github.com/n1LS/redcode-warriors,https://raw.githubusercontent.com/n1LS/redcode-warriors/615f2f3d75acfcb5420821eb5c1acc659377a7e2/xeroxII.red,722ec8f92eaa0ce3817e0af34929b9ca6b7c907208193c48565a9faab8102269
555,2738.5,kirin2,Eiji Kako,github.com/n1LS/redcode-warriors,https://raw.githubusercontent.com/n1LS/redcode-warriors/615f2f3d75acfcb5420821eb5c1acc659377a7e2/kirin2.red,fd0ce7d948bd8985ca7767bf61267569e004dac4070c486f2188e621095d8d67
556,2734.75,Lichen 1988,Scott Nelson,github.com/n1LS/redcode-warriors,https://raw.githubusercontent.com/n1LS/redcode-warriors/615f2f3d75acfcb5420821eb5c1acc659377a7e2/lichen.red,f28ef14408f3aceb16eea641831be49eb46d1d8686e9b15cb0805d7e79bd7f93
557,2732.5,Asi-R,Paolo Montrasio,github.com/n1LS/redcode-warriors,https://raw.githubusercontent.com/n1LS/redcode-warriors/615f2f3d75acfcb5420821eb5c1acc659377a7e2/asiR.red,8db941c2fc12b4e51cb822461321001306969dc4dd9e642e7a24798f2f438c49
558,2726.0,Fast Intangible Worm,,github.com/n1LS/redcode-warriors,https://raw.githubusercontent.com/n1LS/redcode-warriors/615f2f3d75acfcb5420821eb5c1acc659377a7e2/fastiworm.red,557c9652694b2f3041c8ecd8ce85e73c55c7586a6d07cf25545515ae1d782907
559,2720.25,reverse dwarf,,github.com/n1LS/redcode-warriors,https://raw.githubusercontent.com/n1LS/redcode-warriors/615f2f3d75acfcb5420821eb5c1acc659377a7e2/revdwarf.red,8f38c68ceaf4f87fd1ec49524f94f13ac00adaa33bbead20da7ea0f7be5fede3
560,2719.75,Fleas2,Kevin Whyte,github.com/n1LS/redcode-warriors,https://raw.githubusercontent.com/n1LS/redcode-warriors/615f2f3d75acfcb5420821eb5c1acc659377a7e2/fleas2.red,f9e63a6cec62530b740c0f9b2c7a92c0dc3ebef1c77db7e7053c0ea2e9f9571d
561,2708.5,tie-die,WFB,github.com/n1LS/redcode-warriors,https://raw.githubusercontent.com/n1LS/redcode-warriors/615f2f3d75acfcb5420821eb5c1acc659377a7e2/tiedie.red,c3bff1cf030d278400cd8e49a13eb5127a76481007853cd5bf7d84f7a0398f4a
562,2689.5,DR. FROG,OGI OGAS,github.com/n1LS/redcode-warriors,https://raw.githubusercontent.com/n1LS/redcode-warriors/615f2f3d75acfcb5420821eb5c1acc659377a7e2/drfrog.red,7ef4ae942df02980ace8398cd95b7f6fd3be408fbc7522921361723573dce906
563,2681.0,Walze,Stefan Strack,github.com/n1LS/redcode-warriors,https://raw.githubusercontent.com/n1LS/redcode-warriors/615f2f3d75acfcb5420821eb5c1acc659377a7e2/walze.red,d580f24da2adcb06fc80481ff2f0bfaf875b999c4fa1ac948a0a0bcff4564d11
564,2643.0,NFLUENZA,Morrison Chang,github.com/n1LS/redcode-warriors,https://raw.githubusercontent.com/n1LS/redcode-warriors/615f2f3d75acfcb5420821eb5c1acc659377a7e2/nfluenza.red,c2cff00895250664df9bdec0e71d1f9e6b6d1567f5a4f614a07e1dd6e55ce380
565,2630.75,Smartbomber,Gil Richard,github.com/n1LS/redcode-warriors,https://raw.githubusercontent.com/n1LS/redcode-warriors/615f2f3d75acfcb5420821eb5c1acc659377a7e2/smartbomber.red,2a110203ba67e1466c0fa9bd886a8e1f43ff761afb3e8c0ad9daeac89ec434f0
566,2623.0,SuperLance .09b,Jonathan Roy,github.com/n1LS/redcode-warriors,https://raw.githubusercontent.com/n1LS/redcode-warriors/615f2f3d75acfcb5420821eb5c1acc659377a7e2/superlance.red,c66f7246e097260bde3ca904bf93be1a29042ca4c6381bd6b2b0fdac6bf20b46
567,2592.25,ARMY,Neil Robertson,github.com/n1LS/redcode-warriors,https://raw.githubusercontent.com/n1LS/redcode-warriors/615f2f3d75acfcb5420821eb5c1acc659377a7e2/army.red,87f7df5c4443bf5f5631ea1ae9b8c9d128d745fe5ced76801630e6dc1356f5ff
568,2591.5,WORM,,github.com/n1LS/redcode-warriors,https://raw.githubusercontent.com/n1LS/redcode-warriors/615f2f3d75acfcb5420821eb5c1acc659377a7e2/worm.red,a8679d19d449eeeb60951083ec74e329ad9c70f7db3a5d0ed7aaba608159d828
569,2580.25,Astro Geminion 3p,W. Mintardjo,github.com/n1LS/redcode-warriors,https://raw.githubusercontent.com/n1LS/redcode-warriors/615f2f3d75acfcb5420821eb5c1acc659377a7e2/astrogem.red,d49738f4e9bfbf7de51f7dee56a91761d0e36f75af70f494addb23665378e16e
570,2575.0,Alien 22,Franz,github.com/n1LS/redcode-warriors,https://raw.githubusercontent.com/n1LS/redcode-warriors/615f2f3d75acfcb5420821eb5c1acc659377a7e2/alien22.red,8c8b0fb6d9bb722dedd44364c464720613699f1aa72ae5ce0d2b6f1db0974f97
571,2569.0,RoadRunner D,S. Halvorsen,github.com/n1LS/redcode-warriors,https://raw.githubusercontent.com/n1LS/redcode-warriors/615f2f3d75acfcb5420821eb5c1acc659377a7e2/roadrunner.red,1206ef01c2cb974547816fa31a6866a78c8bf951a07cd92c02ce3e6e0451c4b0
572,2566.5,Anti-Dwarf 2,Ilmari Karonen,github.com/n1LS/redcode-warriors,https://raw.githubusercontent.com/n1LS/redcode-warriors/615f2f3d75acfcb5420821eb5c1acc659377a7e2/antidwarf2.red,b0a2af0a84e163b98747412a4d49230ed5d406f25b239374e34835cc954eee48
573,2537.5,Fairy1,Keiji-Kawashima,github.com/n1LS/redcode-warriors,https://raw.githubusercontent.com/n1LS/redcode-warriors/615f2f3d75acfcb5420821eb5c1acc659377a7e2/fairy1.red,78e34a5e305cb29db25cb5f0652331aee83f8eee58325942c1c81c2444f077ea
574,2505.5,Wally,Gaylan D. Wallis,github.com/n1LS/redcode-warriors,https://raw.githubusercontent.com/n1LS/redcode-warriors/615f2f3d75acfcb5420821eb5c1acc659377a7e2/wally.red,50209b3c3b8b8367df08bc19df797f8c5095cc8fc8be60089409188119bb4d35
575,2490.5,Binary Tree,Ray Cromwell,github.com/n1LS/redcode-warriors,https://raw.githubusercontent.com/n1LS/redcode-warriors/615f2f3d75acfcb5420821eb5c1acc659377a7e2/binarytree.red,7f546c089b86909d787c64043cbdc3c05933eee60c524a3b4e4ff565b03f4504
576,2482.25,IMPy v3,WFB,github.com/n1LS/redcode-warriors,https://raw.githubusercontent.com/n1LS/redcode-warriors/615f2f3d75acfcb5420821eb5c1acc659377a7e2/impy3.red,3541262d96b2e72f9e3e69ac0ad2ff759bc81c6ab7916bd612ad9d35c643e7bb
577,2482.25,IMPy,WFB,github.com/n1LS/redcode-warriors,https://raw.githubusercontent.com/n1LS/redcode-warriors/615f2f3d75acfcb5420821eb5c1acc659377a7e2/impy.red,88f5fb5c5fd097245719c4573086ae3278293bf726ead9535ec9e75d430142dd
578,2481.75,ANNOYING,Kenneth D. Miller III,github.com/n1LS/redcode-warriors,https://raw.githubusercontent.com/n1LS/redcode-warriors/615f2f3d75acfcb5420821eb5c1acc659377a7e2/annoying.red,a6b794a61c638476f2af821e058e1a541a14bf49fe6555264da15726da4f4e54
579,2471.0,Boring3,Your Name,github.com/n1LS/redcode-warriors,https://raw.githubusercontent.com/n1LS/redcode-warriors/615f2f3d75acfcb5420821eb5c1acc659377a7e2/boring3.red,766d13a465c5a92b381920e5c9338b54a6ae695c807a76473805ff55e82a5ad8
580,2458.5,Dude,John R. Perry,github.com/n1LS/redcode-warriors,https://raw.githubusercontent.com/n1LS/redcode-warriors/615f2f3d75acfcb5420821eb5c1acc659377a7e2/dude.red,5bd4dd2ac29c64c2dce95e98aba34c2e93e867929023ca6acd4d5acf4af29147
581,2445.0,Smite White,P.Kline,github.com/n1LS/redcode-warriors,https://raw.githubusercontent.com/n1LS/redcode-warriors/615f2f3d75acfcb5420821eb5c1acc659377a7e2/smitewhite.red,3e45ced2e80f32dae7a0abf7c72c3b58e32be64558b5b1268d6fb22428751421
582,2427.0,dbldwarf,,github.com/n1LS/redcode-warriors,https://raw.githubusercontent.com/n1LS/redcode-warriors/615f2f3d75acfcb5420821eb5c1acc659377a7e2/dbldwarf.red,8246877fde9b20424a6e5f74fb6123fcc6e53885ab29aa88f24b33d04b0de3d8
583,2410.0,Eru (The Chosen),Rob Shultz,github.com/n1LS/redcode-warriors,https://raw.githubusercontent.com/n1LS/redcode-warriors/615f2f3d75acfcb5420821eb5c1acc659377a7e2/eru.red,1785179ca19e605ab2577310d2f2b26aa426ad04d1029d16d905f257b00b8d83
584,2398.75,DRACULA,MARTIN STENT,github.com/n1LS/redcode-warriors,https://raw.githubusercontent.com/n1LS/redcode-warriors/615f2f3d75acfcb5420821eb5c1acc659377a7e2/dracula.red,cb6c5dd8b2a834e20c632423a9fecd556106493f699a45c6d8b409860da74bfc
585,2384.25,ROLLER,M. PALUDAN,github.com/n1LS/redcode-warriors,https://raw.githubusercontent.com/n1LS/redcode-warriors/615f2f3d75acfcb5420821eb5c1acc659377a7e2/roller.red,5382a8f3b842efd6f64884faee6fce6c1b2e6ad4af80de42acc8e6f75621ac04
586,2377.25,Checker 5.4,Kent Peterson,github.com/n1LS/redcode-warriors,https://raw.githubusercontent.com/n1LS/redcode-warriors/615f2f3d75acfcb5420821eb5c1acc659377a7e2/checker.red,e6c7db9f631993fe28740be38013a7ee05b1e773e3dd685ac61f03f1e77fa9f2
587,2363.0,Cowboy,Eugene P. Lilitko,github.com/n1LS/redcode-warriors,https://raw.githubusercontent.com/n1LS/redcode-warriors/615f2f3d75acfcb5420821eb5c1acc659377a7e2/cowboy.red,167f96a979830776e1094680dd23f7be7a55e0cfd9fb16656adda34eb5eaa476
588,2357.75,ImpDwarf 1.0,Warren K.v. Roeschlaub,github.com/n1LS/redcode-warriors,https://raw.githubusercontent.com/n1LS/redcode-warriors/615f2f3d75acfcb5420821eb5c1acc659377a7e2/impdwarf.red,bd3d70fad956f7e7ba0cea6ffcdf2b9a16e3a8151be0d9af603cb7a0886c9fa5
589,2356.75,MinJump,Pierre Dak Baillargeon,github.com/n1LS/redcode-warriors,https://raw.githubusercontent.com/n1LS/redcode-warriors/615f2f3d75acfcb5420821eb5c1acc659377a7e2/minjump.red,937dd626d440c9b2c6b29b210cef1df11f45af7e5a082fb541b049c55380dda9
590,2341.0,Blamo 0.1,Common Bear,github.com/n1LS/redcode-warriors,https://raw.githubusercontent.com/n1LS/redcode-warriors/615f2f3d75acfcb5420821eb5c1acc659377a7e2/blamo01.red,b7ebe1a03ede5704715231126d318d6dfb5dde009fa96dd4ce3affdbda755d3c
591,2334.75,IMPS,T. Takebayashi,github.com/n1LS/redcode-warriors,https://raw.githubusercontent.com/n1LS/redcode-warriors/615f2f3d75acfcb5420821eb5c1acc659377a7e2/imps0.red,caec8fddd5e90e7383484c8b88d1b10b544a50e23812dd86ced2aeb18eaac3d8
592,2274.0,vampire program,Jon Newman,github.com/n1LS/redcode-warriors,https://raw.githubusercontent.com/n1LS/redcode-warriors/615f2f3d75acfcb5420821eb5c1acc659377a7e2/blanket.red,3fb37e817b78fd84dc475df0929db4e327c8cbe57ea19405d5dfe54a4fa6ccc3
593,2216.0,The Shortest Worm,Lukasz Adamowski,github.com/n1LS/redcode-warriors,https://raw.githubusercontent.com/n1LS/redcode-warriors/615f2f3d75acfcb5420821eb5c1acc659377a7e2/shortestworm8.red,3aa37aa6c7d39a53abe37f9907f2147e78c3a774be5717ae29793707cc765f06
594,2211.5,PIG,gabler alexander,github.com/n1LS/redcode-warriors,https://raw.githubusercontent.com/n1LS/redcode-warriors/615f2f3d75acfcb5420821eb5c1acc659377a7e2/pig.red,51bba70f86186661ff3d5d57980801a78b2731f66ba9e73c652a909178272c5c
595,2211.5,Bridge,Scott Adkins,github.com/n1LS/redcode-warriors,https://raw.githubusercontent.com/n1LS/redcode-warriors/615f2f3d75acfcb5420821eb5c1acc659377a7e2/bridge.red,384b86f7a64284dddffce8c01af894ea88e255bd49e67524730c425c8ed9558c
596,2141.75,Divide And Conquer,Mark A. Durham,github.com/n1LS/redcode-warriors,https://raw.githubusercontent.com/n1LS/redcode-warriors/615f2f3d75acfcb5420821eb5c1acc659377a7e2/divnconq.red,801f5753c60c6b7f33e1d039e6adba0d29d1d341867d60067a58dfd9fb58d039
597,2137.75,Hide 'n' Seek,Warren K.v. Roeschlaub,github.com/n1LS/redcode-warriors,https://raw.githubusercontent.com/n1LS/redcode-warriors/615f2f3d75acfcb5420821eb5c1acc659377a7e2/hidenseek.red,0462782d0c3314bae6b67d22c0cb30c223a5df5ea65581b9bc95e264dcda6182
598,2120.75,Lookout,Wayne Sheppard,github.com/n1LS/redcode-warriors,https://raw.githubusercontent.com/n1LS/redcode-warriors/615f2f3d75acfcb5420821eb5c1acc659377a7e2/lookout.red,a6e70144534a06d4eacd54e532ba8756643296f062d216065c7e3c8580a20c91
599,2104.25,HideOut D,Stig Hemmer,github.com/n1LS/redcode-warriors,https://raw.githubusercontent.com/n1LS/redcode-warriors/615f2f3d75acfcb5420821eb5c1acc659377a7e2/hideout.red,bbf93328fa88118627a92ffd7d9c521c0f3c8e868d2e5308850a8966d004a94f
600,2097.5,Parasite6,,github.com/n1LS/redcode-warriors,https://raw.githubusercontent.com/n1LS/redcode-warriors/615f2f3d75acfcb5420821eb5c1acc659377a7e2/parasite6.red,4e935e14b77400874f8f945a86dc9c5675281681ecec46e6870f33362c5db73e
601,2060.25,Threader 2.0,Ray Cromwell,github.com/n1LS/redcode-warriors,https://raw.githubusercontent.com/n1LS/redcode-warriors/615f2f3d75acfcb5420821eb5c1acc659377a7e2/threader2.red,b7f0f25e3172ba9ec0d76b463e26f9f8d0b3eefca44e697bab632b1df3187b40
602,2042.75,Pit-Scanner v1.2,Karl Castle,github.com/n1LS/redcode-warriors,https://raw.githubusercontent.com/n1LS/redcode-warriors/615f2f3d75acfcb5420821eb5c1acc659377a7e2/pitscan12.red,5ade39b5768d84fcbe076f6fd05202dedeecb1c65d47b5e3fd9b7bb577a89e4d
603,2041.0,Body-Snatcher3,Calvin Loh,github.com/n1LS/redcode-warriors,https://raw.githubusercontent.com/n1LS/redcode-warriors/615f2f3d75acfcb5420821eb5c1acc659377a7e2/bodysnatch.red,d0bc61f2d92a2115c7c316563b357cc53ce5134d56c41a384321d6cd3fdff1ac
604,2032.75,MINIDPLS,JON NEWMAN,github.com/n1LS/redcode-warriors,https://raw.githubusercontent.com/n1LS/redcode-warriors/615f2f3d75acfcb5420821eb5c1acc659377a7e2/minidpls.red,524b57af7244f37e6568240979788207d1f5b85247468c4338e975ef2e9646f7
605,2005.5,BackTrack 7,Stefan Strack,github.com/n1LS/redcode-warriors,https://raw.githubusercontent.com/n1LS/redcode-warriors/615f2f3d75acfcb5420821eb5c1acc659377a7e2/backtrack7.red,a93868ed44d2c24b99965e924956b0a7e426ed7f3d9cd28a8dbc48a59a6a37fa
606,2004.25,Imp zapper,Twinkle Elf,github.com/n1LS/redcode-warriors,https://raw.githubusercontent.com/n1LS/redcode-warriors/615f2f3d75acfcb5420821eb5c1acc659377a7e2/impzapper.red,7b60ed33cb9f264074b91e72620d84f530fb2b79d5e30ebc619e6d05b4a6073e
607,1973.5,garlic,Stefan Strack,github.com/n1LS/redcode-warriors,https://raw.githubusercontent.com/n1LS/redcode-warriors/615f2f3d75acfcb5420821eb5c1acc659377a7e2/garlic.red,d29a12e9011d81f376e2831f60e28235c87eae3f2da35f337f70b3173e289970
608,1955.5,Nova,Ray Cromwell,github.com/n1LS/redcode-warriors,https://raw.githubusercontent.com/n1LS/redcode-warriors/615f2f3d75acfcb5420821eb5c1acc659377a7e2/nova.red,fd18da75c0aa5e8270ca0737642693aa1d14b67dabe131b724ff6bbf4c6366e9
609,1908.0,17,Corrado Giustozzi,github.com/n1LS/redcode-warriors,https://raw.githubusercontent.com/n1LS/redcode-warriors/615f2f3d75acfcb5420821eb5c1acc659377a7e2/seventeen.red,38da0da5a2603fbe61dc6d9ca445023fa7932d6cecfe3d3675011377f909bc04
610,1902.75,tamper,Mike & John,github.com/n1LS/redcode-warriors,https://raw.githubusercontent.com/n1LS/redcode-warriors/615f2f3d75acfcb5420821eb5c1acc659377a7e2/tamper.red,91a722493f538e72d8d32bbb8e7c458059651e06fd44faf11d0f3e767b42e018
611,1864.75,Ed209c,Marco Pontello,github.com/n1LS/redcode-warriors,https://raw.githubusercontent.com/n1LS/redcode-warriors/615f2f3d75acfcb5420821eb5c1acc659377a7e2/ed209c.red,ae659b2b164f78568780c0d8be63cc5c8b7ebf01828d1458a0a01272bd52b478
612,1830.25,Hopper2,William Hamaker,github.com/n1LS/redcode-warriors,https://raw.githubusercontent.com/n1LS/redcode-warriors/615f2f3d75acfcb5420821eb5c1acc659377a7e2/hopper2.red,940da18516dd16ac41e9a883497204c62fc32e53e1de45610358b7560e1dff57
613,1779.25,IMP TRAP,Jon Newman,github.com/n1LS/redcode-warriors,https://raw.githubusercontent.com/n1LS/redcode-warriors/615f2f3d75acfcb5420821eb5c1acc659377a7e2/imptrap.red,afa8176ae0a6ec82069c09559d3e69592d3f5539b4767cdd37a43af020fe0c8c
614,1772.75,Anti Gate Spiral,P.E.M & E.C,github.com/n1LS/redcode-warriors,https://raw.githubusercontent.com/n1LS/redcode-warriors/615f2f3d75acfcb5420821eb5c1acc659377a7e2/antigate.red,8ee0f22792fd696e61831e73d78fd72bdd4af70967abc53a3880c99e7a07e3f3
615,1762.25,dwarfgun,Choon Piaw,github.com/n1LS/redcode-warriors,https://raw.githubusercontent.com/n1LS/redcode-warriors/615f2f3d75acfcb5420821eb5c1acc659377a7e2/dwarfgun.red,19ded0bd099e9dd4776fba9dea03a3e2cdf75a27da03dfe8a00f84c47012a168
616,1746.75,Power Bomb,Bram Cohen,github.com/n1LS/redcode-warriors,https://raw.githubusercontent.com/n1LS/redcode-warriors/615f2f3d75acfcb5420821eb5c1acc659377a7e2/powerbomb.red,c0a458ad0dd9be9489342ef04f2bed4fba3681259ba7c2c1b1f4e77e00d5db6e
617,1704.75,THE ACME TRAP COMPANY,Campbell Fraser,github.com/n1LS/redcode-warriors,https://raw.githubusercontent.com/n1LS/redcode-warriors/615f2f3d75acfcb5420821eb5c1acc659377a7e2/acme.red,0f5f3ab512fac16ae27fdb184cfd8881f113fb1fa9a0d985d955b40cd1338335
618,1695.5,Echo,Corey Lynn Nelson,github.com/n1LS/redcode-warriors,https://raw.githubusercontent.com/n1LS/redcode-warriors/615f2f3d75acfcb5420821eb5c1acc659377a7e2/echo.red,130f2f4611f4e233fe1adff0ccf405f256ff5c8d53cab88033b0e0130a91d2c6
619,1678.0,turtle,Pierre Baillargeon,github.com/n1LS/redcode-warriors,https://raw.githubusercontent.com/n1LS/redcode-warriors/615f2f3d75acfcb5420821eb5c1acc659377a7e2/turtle.red,84a8692d5d60ec6e595e087ef3d136c8dd44ce3d8d462f4fdedb0d11adfc2305
620,1627.0,RUNAWAY 1,Marco Pontello,github.com/n1LS/redcode-warriors,https://raw.githubusercontent.com/n1LS/redcode-warriors/615f2f3d75acfcb5420821eb5c1acc659377a7e2/runaway1.red,d99458106553cd1bdc4699af4fdb207f14cf9213df4f916b5e2b48649fde2edf
621,1602.0,Agony Killer,John Lewis,github.com/n1LS/redcode-warriors,https://raw.githubusercontent.com/n1LS/redcode-warriors/615f2f3d75acfcb5420821eb5c1acc659377a7e2/agonykiller.red,30474d7eb8e7c7cdf23d822f7e9db3e9ed53291b38cc564774a05270a655f61b
622,1592.0,Corporate Program,Jack Twilley,github.com/n1LS/redcode-warriors,https://raw.githubusercontent.com/n1LS/redcode-warriors/615f2f3d75acfcb5420821eb5c1acc659377a7e2/corporate.red,200e772a33c1ede654bb47b9634a62f2b4a6596ca0201c36b128cdcb750cde74
623,1590.75,elf,Eiji Kako,github.com/n1LS/redcode-warriors,https://raw.githubusercontent.com/n1LS/redcode-warriors/615f2f3d75acfcb5420821eb5c1acc659377a7e2/elf.red,b367f3e8b995db2edb41b33d2dd61e2e70e7cbb5d15e3c098dfa17bab9069e11
624,1587.5,VAMPYRE,El Filibusterismo,github.com/n1LS/redcode-warriors,https://raw.githubusercontent.com/n1LS/redcode-warriors/615f2f3d75acfcb5420821eb5c1acc659377a7e2/vampyre.red,a08ae818cf8f26853867f25ff97b690afe18625f06ab3fa9883bed2520f1a810
625,1580.75,Signal-gun 1.1,James Jesensky,github.com/n1LS/redcode-warriors,https://raw.githubusercontent.com/n1LS/redcode-warriors/615f2f3d75acfcb5420821eb5c1acc659377a7e2/signalgun.red,ba9f5e38b3946df85ae9534b5afd0e095ad497f880d809fbb57a1e198dd88de3
626,1571.25,Flea,William Hamaker,github.com/n1LS/redcode-warriors,https://raw.githubusercontent.com/n1LS/redcode-warriors/615f2f3d75acfcb5420821eb5c1acc659377a7e2/flea.red,f9cc4016abbac404870b4f001b9eaf9c9270ea069612e7d96ae9299ad16ee0dd
627,1570.25,OGRE,JOHN KIPLING LEWIS,github.com/n1LS/redcode-warriors,https://raw.githubusercontent.com/n1LS/redcode-warriors/615f2f3d75acfcb5420821eb5c1acc659377a7e2/ogre.red,d4e06e1d618169c4c7d4b4c03edd2e081c5092fbbdf678869d7bc0b8aaa25a0d
628,1498.75,Four Eyes,Alex MacAulay,github.com/n1LS/redcode-warriors,https://raw.githubusercontent.com/n1LS/redcode-warriors/615f2f3d75acfcb5420821eb5c1acc659377a7e2/foureyes.red,8c930a87a2231f2d3685cc3b3fcff3dd8f03b292a1f8d98a788d0f8c402c30b1
629,1486.75,Warp,Andrea Giotti,github.com/n1LS/redcode-warriors,https://raw.githubusercontent.com/n1LS/redcode-warriors/615f2f3d75acfcb5420821eb5c1acc659377a7e2/warp.red,4451dca5351a4208229dc92256852025b94b55178d7394c41b7bb404cf520582
630,1486.25,Sting2,,github.com/n1LS/redcode-warriors,https://raw.githubusercontent.com/n1LS/redcode-warriors/615f2f3d75acfcb5420821eb5c1acc659377a7e2/sting2.red,1bd0ded27be3380ba0b7f1155a39fa2efcfb04b5476488e7985b10c0035529c1
631,1457.0,Signal 1.1,James Jesensky,github.com/n1LS/redcode-warriors,https://raw.githubusercontent.com/n1LS/redcode-warriors/615f2f3d75acfcb5420821eb5c1acc659377a7e2/signal.red,a36fe94f7f0050ee02a9346c9ca73788612e38e5a3803a7c286583492a4617aa
632,1438.0,Wuss,Kenneth D. Miller,github.com/n1LS/redcode-warriors,https://raw.githubusercontent.com/n1LS/redcode-warriors/615f2f3d75acfcb5420821eb5c1acc659377a7e2/wuss.red,79af1f89e268b22c431d6627fd04067c22280e6c050509585a391c36c3a971c0
633,1412.0,Wasp Nest,Alexander Burtzev,github.com/n1LS/redcode-warriors,https://raw.githubusercontent.com/n1LS/redcode-warriors/615f2f3d75acfcb5420821eb5c1acc659377a7e2/waspnest.red,eb92196044b574b890e05ff537f822eefe1da4a2e247d6f7334850b8a11fc71b
634,1409.75,Pinchers,Richard Hendricks,github.com/n1LS/redcode-warriors,https://raw.githubusercontent.com/n1LS/redcode-warriors/615f2f3d75acfcb5420821eb5c1acc659377a7e2/pinchers.red,0ac0749ff055c5dba5e94b92b826662ed97fa85555df6e0826519b355e460cb4
635,1396.25,Shrimp,William R. Buckley,github.com/n1LS/redcode-warriors,https://raw.githubusercontent.com/n1LS/redcode-warriors/615f2f3d75acfcb5420821eb5c1acc659377a7e2/shrimp1.red,bb61529764c6a700655f3d09b74de7019166613a27882bc7d221839e5fa14d92
636,1388.0,Jumpy Little Sucker (v0.0),Peter Ivanyi,github.com/n1LS/redcode-warriors,https://raw.githubusercontent.com/n1LS/redcode-warriors/615f2f3d75acfcb5420821eb5c1acc659377a7e2/jumpysucker.red,d0659752e600c07d4ccd3e9c95bd3a9cce4c08830dcf5801e426c04e7b429c21
637,1342.25,No Challenge,Michael Constant,github.com/n1LS/redcode-warriors,https://raw.githubusercontent.com/n1LS/redcode-warriors/615f2f3d75acfcb5420821eb5c1acc659377a7e2/nochallenge.red,ade29b7d572e180f2dcbe0b405bed6195b01b2dd33a9358616b8a008ce537fb4
638,1304.0,runner,Campbell Fraser,github.com/n1LS/redcode-warriors,https://raw.githubusercontent.com/n1LS/redcode-warriors/615f2f3d75acfcb5420821eb5c1acc659377a7e2/runner.red,21c9b459ae37082fbdda1d1ee977c6f11c5654eafccf5659fe1b1e23152119a9
639,1294.5,raidar,A. K. Dewdney,github.com/n1LS/redcode-warriors,https://raw.githubusercontent.com/n1LS/redcode-warriors/615f2f3d75acfcb5420821eb5c1acc659377a7e2/raidar.red,c288115ab579cab565d6a4befe3e2ceb6153358ba50604cdb0d420c01001e01b
640,1283.5,Antivamp,P.Kline,github.com/n1LS/redcode-warriors,https://raw.githubusercontent.com/n1LS/redcode-warriors/615f2f3d75acfcb5420821eb5c1acc659377a7e2/antivamp.red,b3450f1c034a9c8e432e1ec078430b536f9ef2c45640571a47af69b91db7dca2
641,1269.75,spreel,Andy Pierce,github.com/n1LS/redcode-warriors,https://raw.githubusercontent.com/n1LS/redcode-warriors/615f2f3d75acfcb5420821eb5c1acc659377a7e2/spreel.red,03089e41d7a68795fcc7af4c49d4393445773b7aa1d83fc71d2aaf9d75d80a55
642,1221.75,MARS FLYTRAP,Jon Blow,github.com/n1LS/redcode-warriors,https://raw.githubusercontent.com/n1LS/redcode-warriors/615f2f3d75acfcb5420821eb5c1acc659377a7e2/flytrap.red,989f5501f7bbdc926cc63c5f85610c44d07c166c30d0ae8fc9b71f1adeed4546
643,1190.0,Hopper,William Hamaker,github.com/n1LS/redcode-warriors,https://raw.githubusercontent.com/n1LS/redcode-warriors/615f2f3d75acfcb5420821eb5c1acc659377a7e2/hopper.red,4cbde892466fc8564de0e874c56f5937e5867385754ef82855e0093cec67e503
644,1149.0,Mini-Raidar,unknown :-),github.com/n1LS/redcode-warriors,https://raw.githubusercontent.com/n1LS/redcode-warriors/615f2f3d75acfcb5420821eb5c1acc659377a7e2/miniraidar.red,60680c0c463afde1892345c2b62ed722fd8cf455a1f892750cdf69af90589db7
645,1144.0,reverse imp,Kevin Deitchman,github.com/n1LS/redcode-warriors,https://raw.githubusercontent.com/n1LS/redcode-warriors/615f2f3d75acfcb5420821eb5c1acc659377a7e2/revimp.red,3f6c1d538b168f3bb12121dc8e4bb78744a5273c2078e8ff4d3427c9cc87eda1
646,1138.25,Dr. Death,A. K. Dewdney,github.com/n1LS/redcode-warriors,https://raw.githubusercontent.com/n1LS/redcode-warriors/615f2f3d75acfcb5420821eb5c1acc659377a7e2/drdeath.red,f8b3955efd256811d70b46a81deedf09632e7cff3c1300598246a89b18f8b40e
647,1108.0,Impring,Sukru Cinar,github.com/n1LS/redcode-warriors,https://raw.githubusercontent.com/n1LS/redcode-warriors/615f2f3d75acfcb5420821eb5c1acc659377a7e2/impring2.red,7a6dcf96dacebb0945498a82efe0d36ce83b12a962d03e424b66f310a50d26a2
648,1022.25,Mousetrap,Bill Hamaker,github.com/n1LS/redcode-warriors,https://raw.githubusercontent.com/n1LS/redcode-warriors/615f2f3d75acfcb5420821eb5c1acc659377a7e2/mousetrap.red,97fa8c671980465663c41e10893e1c96ac12f83d6428e1b7dbb1cdb637c47210
649,1014.0,BANZAI,Kenneth D. Miller III,github.com/n1LS/redcode-warriors,https://raw.githubusercontent.com/n1LS/redcode-warriors/615f2f3d75acfcb5420821eb5c1acc659377a7e2/banzai.red,ac622b2460018d3bfade2532c3a4f500cea57f38353d1216aea686a10cb121d4
650,1012.0,SCHINDLER,Michael Schindler,github.com/n1LS/redcode-warriors,https://raw.githubusercontent.com/n1LS/redcode-warriors/615f2f3d75acfcb5420821eb5c1acc659377a7e2/schindler.red,9fc25c52b95955e835133c045f2c3d29085dde75069740306b132c7f4b94c607
651,1001.75,Slaver,Gerald Frost,github.com/n1LS/redcode-warriors,https://raw.githubusercontent.com/n1LS/redcode-warriors/615f2f3d75acfcb5420821eb5c1acc659377a7e2/slaver.red,75741994c35fdf8cf53f290e14f43a3301cd88e30e97a45834e3e5ec01c33d00
652,995.25,Dynamic Imp-gate,Richard Hendricks,github.com/n1LS/redcode-warriors,https://raw.githubusercontent.com/n1LS/redcode-warriors/615f2f3d75acfcb5420821eb5c1acc659377a7e2/dynamic.red,721820a9027425807504a2bd5e76d8b1bb541c5c9e0569c422e6c53c1d0ba06e
653,978.75,Big-raidar,,github.com/n1LS/redcode-warriors,https://raw.githubusercontent.com/n1LS/redcode-warriors/615f2f3d75acfcb5420821eb5c1acc659377a7e2/bigraidar.red,ec04e127e2c943f1d1b0a89e7075c4bf25f928c9097363451f7a7fb05c125a8f
654,966.5,Gate-Daemon,Richard Hendricks,github.com/n1LS/redcode-warriors,https://raw.githubusercontent.com/n1LS/redcode-warriors/615f2f3d75acfcb5420821eb5c1acc659377a7e2/gatedaemon.red,51652db70ef39f213a3ce68a95e577298da0dc8832b19f0de90266938448be18
655,956.5,Mutual-repairing,P. Kline,github.com/n1LS/redcode-warriors,https://raw.githubusercontent.com/n1LS/redcode-warriors/615f2f3d75acfcb5420821eb5c1acc659377a7e2/mutual.red,b468880eb52ae74ebfa92e3eab9253281c59cbdda6806e2c6c180971ceab1cde
656,944.75,ImpBreed-x 1.0a,Jonathan Roy,github.com/n1LS/redcode-warriors,https://raw.githubusercontent.com/n1LS/redcode-warriors/615f2f3d75acfcb5420821eb5c1acc659377a7e2/impbreed.red,f96de751bb0cb42aebf5cdd0d794503716a58d958922b4c2f2298daf0a3e4487
657,921.25,SHRAPNEL,PRESTO!,github.com/n1LS/redcode-warriors,https://raw.githubusercontent.com/n1LS/redcode-warriors/615f2f3d75acfcb5420821eb5c1acc659377a7e2/shrapnel.red,a5dc5fa84c26d3e0c2a7a85a808e00932ef805fd23507f2840ab9420bc2852d1
658,817.25,Safe v2.0,Marcus Williams,github.com/n1LS/redcode-warriors,https://raw.githubusercontent.com/n1LS/redcode-warriors/615f2f3d75acfcb5420821eb5c1acc659377a7e2/safe2.red,ba260465b7a66e6ed7985b0f14d52ae4e37ff7f6f7a4084d7202b0d4323a50fc
659,802.0,vampire,,github.com/n1LS/redcode-warriors,https://raw.githubusercontent.com/n1LS/redcode-warriors/615f2f3d75acfcb5420821eb5c1acc659377a7e2/vampire.red,88732f84505ce80e3ecaeafb58e77bcfc0b6e75d19bcfa77478074a8a9731ad8
660,784.0,GEMINI CANNON,Jon Newman,github.com/n1LS/redcode-warriors,https://raw.githubusercontent.com/n1LS/redcode-warriors/615f2f3d75acfcb5420821eb5c1acc659377a7e2/geminicannon.red,fdc9d6c174bacdc844780efb3d3f913def114aea7d3d12d7bef8e5fa67664e5f
661,732.0,strange rings,Planar,github.com/n1LS/redcode-warriors,https://raw.githubusercontent.com/n1LS/redcode-warriors/615f2f3d75acfcb5420821eb5c1acc659377a7e2/strangerings.red,ee165abae8da4a2ab317e56db776e4c0fa2901441e22273f66cd306f3f441751
662,709.5,Binrary Tree 2.0 (beta),Ray Cromwell,github.com/n1LS/redcode-warriors,https://raw.githubusercontent.com/n1LS/redcode-warriors/615f2f3d75acfcb5420821eb5c1acc659377a7e2/binarytree2.red,09f0a6d85302ec28e3842e42163ce54c17797f855c16bc7945870562501f782c
663,692.25,fellows,P. Kline,github.com/n1LS/redcode-warriors,https://raw.githubusercontent.com/n1LS/redcode-warriors/615f2f3d75acfcb5420821eb5c1acc659377a7e2/fellows.red,1ecb7b5ad722670ca7d2c4a1f0966625b0724a53f9818231a1c150b28e003d72
664,663.5,juggernaut,Jon Blow,github.com/n1LS/redcode-warriors,https://raw.githubusercontent.com/n1LS/redcode-warriors/615f2f3d75acfcb5420821eb5c1acc659377a7e2/juggernaut.red,f418a5d92cc45a80e17d383590d19f53e5b394278c8e8c5a5396db95be780d8c
665,641.0,Useless,Your Name,github.com/n1LS/redcode-warriors,https://raw.githubusercontent.com/n1LS/redcode-warriors/615f2f3d75acfcb5420821eb5c1acc659377a7e2/useless.red,b23c7ecdaa63370015e6df9cac5da255ba47950e264f75393bdf98b26cca008c
666,641.0,idle,,github.com/n1LS/redcode-warriors,https://raw.githubusercontent.com/n1LS/redcode-warriors/615f2f3d75acfcb5420821eb5c1acc659377a7e2/idle.red,70bd93f094d603cfeff904867d742c058dbcf352ab80ba0ab5fff930041aa5f2
667,601.0,Retrovirus,Ray Cromwell,github.com/n1LS/redcode-warriors,https://raw.githubusercontent.com/n1LS/redcode-warriors/615f2f3d75acfcb5420821eb5c1acc659377a7e2/retrovirus.red,da97a73976f6af0b7646da73f68bffa83c0384623279c3ee0cb15e61adebcb11
668,530.25,Imp Shield 2,Chip Wendell,github.com/n1LS/redcode-warriors,https://raw.githubusercontent.com/n1LS/redcode-warriors/615f2f3d75acfcb5420821eb5c1acc659377a7e2/is2.red,ff11529012466445aa771b8e5716e7989249189301d1288106449d765294930d
669,528.75,Validate 1.1R,Stefan Strack,github.com/n1LS/redcode-warriors,https://raw.githubusercontent.com/n1LS/redcode-warriors/615f2f3d75acfcb5420821eb5c1acc659377a7e2/validate.red,7baee6f3ac9a8db93763e0112b83fe4aee511f681e50135febe438782bb4f217
670,517.75,Gate,,github.com/n1LS/redcode-warriors,https://raw.githubusercontent.com/n1LS/redcode-warriors/615f2f3d75acfcb5420821eb5c1acc659377a7e2/gate.red,482b6c88c833776b1dc8147443e0c92d6f17c77806e062b32118fa81c8020f9a
671,515.25,Hunter 1.0,Rob Shultz,github.com/n1LS/redcode-warriors,https://raw.githubusercontent.com/n1LS/redcode-warriors/615f2f3d75acfcb5420821eb5c1acc659377a7e2/hunter10.red,b20c38f75220b18085668db13ad7136c8432e6d1f726ba649a44bd3500dac568
672,428.5,Five Musketeers,Jon Newman,github.com/n1LS/redcode-warriors,https://raw.githubusercontent.com/n1LS/redcode-warriors/615f2f3d75acfcb5420821eb5c1acc659377a7e2/fivemusketeers.red,db3fd668421b313972ed531034fe5a22d4429e5d63567c2af12f652e39555ac4
673,408.5,IMP HOSER,,github.com/n1LS/redcode-warriors,https://raw.githubusercontent.com/n1LS/redcode-warriors/615f2f3d75acfcb5420821eb5c1acc659377a7e2/imphoser.red,fd41fa6085ec3d1e100374e76adb34604e3876d1cde3526830b037ea51333603
674,387.75,CopyKatQ2,harleyQ2,github.com/n1LS/redcode-warriors,https://raw.githubusercontent.com/n1LS/redcode-warriors/615f2f3d75acfcb5420821eb5c1acc659377a7e2/copykatq2.red,fdc4ff7224651fe70814ff65127438c487f64467643ce578b00e6abfc562a47d
675,296.0,Niche 1.0,Bill Shubert,github.com/n1LS/redcode-warriors,https://raw.githubusercontent.com/n1LS/redcode-warriors/615f2f3d75acfcb5420821eb5c1acc659377a7e2/niche.red,e8772c3c9a06e7ca5a00f9bf3bb693347502e7b742fdfc53e11fe6abd2840b53
676,94.0,BackImp,,github.com/n1LS/redcode-warriors,https://raw.githubusercontent.com/n1LS/redcode-warriors/615f2f3d75acfcb5420821eb5c1acc659377a7e2/backimp.red,c78405795a4a98c9faba9774f511163fee64caea5df7013c1ca2d51d1539e61a
677,10.25,Try Number Five,James Burke,github.com/n1LS/redcode-warriors,https://raw.githubusercontent.com/n1LS/redcode-warriors/615f2f3d75acfcb5420821eb5c1acc659377a7e2/trynumberfive.red,d75b8fc19de0e79b6de1ce0f02b8b9ee23300cd9af43b7a017df74696371121e
